-- phpMyAdmin SQL Dump
-- version 4.0.10deb1
-- http://www.phpmyadmin.net
--
-- Anamakine: localhost
-- Üretim Zamanı: 04 Oca 2016, 02:36:58
-- Sunucu sürümü: 5.5.46-0ubuntu0.14.04.2
-- PHP Sürümü: 5.5.9-1ubuntu4.13

SET SQL_MODE = "NO_AUTO_VALUE_ON_ZERO";
SET time_zone = "+00:00";


/*!40101 SET @OLD_CHARACTER_SET_CLIENT=@@CHARACTER_SET_CLIENT */;
/*!40101 SET @OLD_CHARACTER_SET_RESULTS=@@CHARACTER_SET_RESULTS */;
/*!40101 SET @OLD_COLLATION_CONNECTION=@@COLLATION_CONNECTION */;
/*!40101 SET NAMES utf8 */;

--
-- Veritabanı: `db_word_game`
--

-- --------------------------------------------------------

--
-- Tablo için tablo yapısı `tbl_answer`
--

CREATE TABLE IF NOT EXISTS `tbl_answer` (
  `id` int(11) NOT NULL AUTO_INCREMENT,
  `text` varchar(25) CHARACTER SET latin5 NOT NULL,
  `section_id` int(11) NOT NULL,
  PRIMARY KEY (`id`)
) ENGINE=MyISAM  DEFAULT CHARSET=utf8 AUTO_INCREMENT=109 ;

--
-- Tablo döküm verisi `tbl_answer`
--

INSERT INTO `tbl_answer` (`id`, `text`, `section_id`) VALUES
(7, 'Amerika', 1),
(8, 'Avrupa', 1),
(9, 'Asya', 2),
(10, 'Afrika', 2),
(11, 'Kuzey', 3),
(12, 'Güney', 3),
(13, 'İstanbul', 4),
(14, 'İzmir', 4),
(15, 'Ankara', 5),
(16, 'Bursa', 5),
(17, 'Sebze', 6),
(18, 'Meyve', 6),
(19, 'Üflemeli', 7),
(20, 'Vurmalı', 7),
(21, 'Tek', 8),
(22, 'Çift', 8),
(62, 'Seria A', 28),
(61, 'La liga', 28),
(60, 'Üflemeli', 27),
(27, 'Tek', 11),
(28, 'Çift', 11),
(29, 'Doğum', 14),
(30, 'Yumurta', 14),
(31, 'Asya', 15),
(32, 'Afrika', 15),
(59, 'Vurmalı', 27),
(35, 'Asya', 17),
(36, 'Afrika', 17),
(37, 'Kuzey', 18),
(38, 'Güney', 18),
(41, 'İstanbul', 19),
(42, 'İzmir', 19),
(43, 'Amerika', 20),
(44, 'Avrupa', 20),
(45, 'Amerika', 21),
(46, 'Avrupa', 21),
(47, 'Ankara', 22),
(48, 'Bursa', 22),
(49, 'Ankara', 23),
(50, 'Bursa', 23),
(51, 'Sebze', 24),
(52, 'Meyve', 24),
(53, 'Çift', 25),
(54, 'Tek', 25),
(55, 'Tek', 26),
(56, 'Çift', 26),
(63, 'Premier L', 29),
(64, 'Bundes L', 29),
(65, 'Honda', 30),
(66, 'Hyundai', 30),
(67, 'Volkswagen', 31),
(68, 'Toyota', 31),
(69, 'BMW', 32),
(70, 'Audi', 32),
(71, 'Futbol', 33),
(72, 'Basketbol', 33),
(73, 'Tenis', 34),
(74, 'Voleybol', 34),
(75, 'Erkek', 35),
(76, 'Bayan', 35),
(77, 'Sıcak', 36),
(78, 'Soğuk', 36),
(79, 'Ağırlık', 37),
(80, 'Hacim', 37),
(81, 'Alan', 38),
(82, 'Uzunluk', 38),
(83, 'Arapça', 39),
(84, 'İngilizce', 39),
(85, 'Fransızca', 40),
(86, 'Farsça', 40),
(87, 'Etçil', 41),
(88, 'Otçul', 41),
(89, 'Futbol', 42),
(90, 'Basketbol', 42),
(91, 'Akdeniz', 43),
(92, 'Karadeniz', 43),
(93, 'Tolstoy', 44),
(94, 'Gogol', 44),
(95, 'Beethoven', 45),
(96, 'Mozart', 45),
(97, 'Ruhsar', 46),
(98, 'Dadı', 46),
(99, 'Medcezir', 47),
(100, 'Ezel', 47),
(101, 'Strateji', 48),
(102, 'Yarış', 48),
(103, 'Savaş', 49),
(104, 'Animasyon', 49),
(105, 'Komedi', 50),
(106, 'Gizem', 50),
(107, 'Dram', 51),
(108, 'Fantastik', 51);

-- --------------------------------------------------------

--
-- Tablo için tablo yapısı `tbl_question`
--

CREATE TABLE IF NOT EXISTS `tbl_question` (
  `id` int(11) NOT NULL AUTO_INCREMENT,
  `text` varchar(256) CHARACTER SET latin5 NOT NULL,
  `section_id` int(11) NOT NULL,
  `answer_id` int(11) NOT NULL,
  PRIMARY KEY (`id`)
) ENGINE=MyISAM  DEFAULT CHARSET=utf8 AUTO_INCREMENT=686 ;

--
-- Tablo döküm verisi `tbl_question`
--

INSERT INTO `tbl_question` (`id`, `text`, `section_id`, `answer_id`) VALUES
(10, 'Uruguay', 1, 7),
(11, 'Paraguay', 1, 7),
(12, 'Arjantin', 1, 7),
(13, 'Brezilya', 1, 7),
(14, 'ABD', 1, 7),
(15, 'Kanada', 21, 45),
(16, 'Meksika', 20, 43),
(17, 'Almanya', 21, 46),
(18, 'Fransa', 20, 44),
(19, 'Estonya', 21, 46),
(20, 'Letonya', 1, 8),
(21, 'Bulgaristan', 1, 8),
(117, 'Angola', 3, 12),
(23, 'Sırbistan', 20, 44),
(24, 'Norveç', 1, 8),
(25, 'Karadağ', 1, 8),
(26, 'Polonya', 1, 8),
(27, 'Bahamalar', 20, 43),
(28, 'Barbados', 21, 45),
(29, 'Dominika', 1, 7),
(30, 'El Salvador', 1, 7),
(31, 'Honduras', 20, 43),
(32, 'Jamaika', 20, 43),
(33, 'Nikaragua', 21, 45),
(34, 'Panama', 20, 43),
(35, 'Guyana', 21, 45),
(36, 'Kolombiya', 21, 45),
(37, 'Şili', 21, 45),
(38, 'Bolivya', 20, 43),
(39, 'Belçika', 21, 46),
(40, 'İrlanda', 20, 44),
(41, 'Lihtenştayn', 21, 46),
(42, 'Lüksemburg', 20, 44),
(43, 'Monako', 21, 46),
(44, 'Moldova', 20, 44),
(45, 'Slovakya', 21, 46),
(46, 'Finlandiya', 20, 44),
(47, 'İzlanda', 21, 46),
(48, 'Litvanya', 1, 8),
(49, 'Andorra', 21, 46),
(50, 'Arnavutluk', 20, 44),
(51, 'Bosna-Hersek', 1, 8),
(52, 'Makedonya', 1, 8),
(53, 'San Marino', 21, 46),
(54, 'Slovenya', 20, 44),
(55, 'Vatikan', 1, 8),
(56, 'Malta', 20, 44),
(57, 'Afganistan', 15, 9),
(453, 'Corolla Verso', 31, 68),
(452, 'Tundra', 31, 68),
(432, 'Ingolstadt', 29, 64),
(61, 'Çin Halk Cumhuriyeti', 2, 9),
(62, 'Endonezya', 15, 9),
(437, 'Jazz', 30, 65),
(64, 'Kore Cumhuriyeti', 15, 9),
(65, 'Hindistan Cumhuriyeti', 15, 9),
(451, 'Auris', 31, 68),
(450, 'Yaris', 31, 68),
(449, 'Corolla', 31, 68),
(447, 'Getz', 30, 66),
(448, 'Genesis', 30, 66),
(445, 'Elantra', 30, 66),
(446, 'ix35', 30, 66),
(74, 'Myanmar Birliği', 2, 9),
(75, 'Nepal Federal Demokratik Cumhuriyeti', 2, 9),
(76, 'Singapur Cumhuriyeti', 2, 9),
(77, 'Sri Lanka Demokratik Sosyalist Cumhuriyeti', 17, 35),
(78, 'Tayland Krallığı', 17, 35),
(438, 'Civic', 30, 65),
(435, 'Hoffenheim', 29, 64),
(81, 'Yemen Cumhuriyeti', 17, 35),
(82, 'Angola Cumhuriyeti', 17, 36),
(83, 'Benin Cumhuriyeti', 17, 36),
(84, 'Botsvana Cumhuriyeti', 2, 10),
(85, 'Cezayir Demokratik Halk Cumhuriyeti', 17, 36),
(86, 'Cibuti Cumhuriyeti', 17, 36),
(456, 'Scirocco', 31, 67),
(455, 'Golf', 31, 67),
(454, 'Passat', 31, 67),
(91, 'Fas Krallığı', 15, 10),
(92, 'Fildişi Sahili Cumhuriyeti', 15, 10),
(431, 'Bournemouth', 29, 63),
(430, 'Leicester City', 29, 63),
(95, 'Gine Cumhuriyeti', 15, 10),
(96, 'Kamerun Cumhuriyeti', 15, 10),
(97, 'Kenya Cumhuriyeti', 15, 10),
(436, 'Swansea', 29, 63),
(434, 'Hannover', 29, 64),
(433, 'Hertha Berlin', 29, 64),
(101, 'Madagaskar Cumhuriyeti', 17, 36),
(102, 'Mısır Arap Cumhuriyeti', 17, 36),
(103, 'Mozambik Cumhuriyeti', 17, 36),
(104, 'Nijer Cumhuriyeti', 2, 10),
(105, 'Ruanda Cumhuriyeti', 2, 10),
(106, 'São Tomé ve Príncipe Demokratik Cumhuriyeti', 2, 10),
(108, 'Somali Cumhuriyeti', 15, 10),
(439, 'City', 30, 65),
(440, 'Legend', 30, 65),
(441, 'Accord', 30, 65),
(442, 'Jade', 30, 65),
(443, 'Accent', 30, 66),
(444, 'Tucson', 30, 66),
(115, 'Zimbabve Cumhuriyeti', 2, 10),
(116, 'Ekvator Ginesi Cumhuriyeti', 2, 10),
(202, 'Torbalı', 19, 42),
(119, 'Burundi', 18, 38),
(120, 'Madagaskar', 18, 38),
(121, 'Mauritius', 3, 12),
(122, 'Mozambik', 3, 12),
(123, 'Ruanda', 18, 38),
(204, 'Tire', 4, 14),
(126, 'Tanzanya', 3, 12),
(127, 'Yeni Zelanda', 3, 12),
(128, 'Papua Yeni Gine', 18, 38),
(129, 'Paraguay', 18, 38),
(193, 'Karşıyaka', 4, 14),
(131, 'Letonya', 3, 11),
(132, 'Barbados', 18, 37),
(133, 'Kanada', 3, 11),
(134, 'Lihtenştayn', 3, 11),
(135, 'San Marino', 18, 37),
(136, 'Andorra', 18, 37),
(258, 'Goya (Bitter Melon)', 24, 52),
(194, 'Kınık', 19, 42),
(192, 'Karaburun', 4, 14),
(141, 'Kazakistan Cumhuriyeti', 3, 11),
(190, 'Foça', 4, 14),
(143, 'Litvanya', 3, 11),
(144, 'Bahreyn', 3, 11),
(145, 'Yemen Cumhuriyeti', 18, 37),
(146, 'Tayland Krallığı', 18, 37),
(147, 'Myanmar Birliği', 18, 37),
(148, 'Umman Sultanlığı', 18, 37),
(149, 'Lübnan Cumhuriyeti', 18, 37),
(203, 'Selçuk', 19, 42),
(420, 'ACF Fiorentina', 28, 62),
(152, 'Botsvana', 3, 12),
(419, 'Inter', 28, 62),
(257, 'Rambutan', 6, 18),
(198, 'Menemen', 19, 42),
(199, 'Ödemiş', 19, 42),
(200, 'Seferihisar', 4, 14),
(201, 'Urla', 4, 14),
(195, 'Konak', 4, 14),
(162, 'Karadağ', 3, 11),
(165, 'Kanada', 18, 37),
(188, 'Çeşme', 4, 14),
(424, 'Real Betis', 28, 61),
(169, 'Fas Krallığı', 3, 11),
(170, 'Vatikan', 18, 37),
(171, 'Afganistan', 3, 11),
(172, 'Katar Devleti', 3, 11),
(191, 'Gaziemir', 4, 14),
(174, 'Kuveyt Devleti', 18, 37),
(187, 'Buca', 19, 42),
(182, 'Aliağa', 4, 14),
(183, 'Balçova', 4, 14),
(184, 'Bayraklı', 19, 42),
(185, 'Beydağ', 19, 42),
(207, 'Avcılar', 19, 41),
(418, 'AC Milan', 28, 62),
(209, 'Bakırköy', 19, 41),
(210, 'Başakşehir', 19, 41),
(425, 'Sevilla FC', 28, 61),
(417, 'Juventus FC', 28, 62),
(214, 'Beyoğlu', 19, 41),
(215, 'Çatalca', 4, 13),
(421, 'AS Roma', 28, 62),
(219, 'Kâğıthane', 4, 13),
(220, 'Maltepe', 19, 41),
(221, 'Sancaktepe', 19, 41),
(423, 'Real Madrid CF', 28, 61),
(223, 'Silivri', 4, 13),
(224, 'Sultanbeyli', 4, 13),
(422, 'FC Barcelona', 28, 61),
(226, 'Üsküdar', 19, 41),
(227, 'Altındağ', 23, 49),
(228, 'Beypazarı', 5, 15),
(229, 'Çamlıdere', 5, 15),
(230, 'Çankaya', 5, 15),
(231, 'Çubuk', 5, 15),
(232, 'Elmadağ', 22, 47),
(233, 'Etimesgut', 23, 49),
(234, 'Gölbaşı', 22, 47),
(235, 'Güdül', 22, 47),
(236, 'Haymana', 5, 15),
(237, 'Keçiören', 23, 49),
(238, 'Kızılcahamam', 23, 49),
(239, 'Mamak', 23, 49),
(240, 'Nallıhan', 22, 47),
(241, 'Polatlı', 5, 15),
(242, 'Sincan', 23, 49),
(243, 'Yenimahalle', 22, 47),
(244, 'Şereflikoçhisar', 22, 47),
(245, 'Osmangazi', 23, 49),
(246, 'Nilüfer', 22, 48),
(247, 'Büyükorhan', 23, 50),
(248, 'Harmancık', 5, 16),
(249, 'Yenişehir', 22, 48),
(250, 'Mudanya', 23, 50),
(251, 'İnegöl', 5, 16),
(252, 'Orhaneli', 22, 48),
(253, 'Orhangazi', 5, 16),
(254, 'Gürsu', 5, 16),
(255, 'Kestel', 22, 48),
(256, 'Gemlik', 23, 50),
(259, 'Mangostan', 24, 52),
(260, 'Pitaya', 24, 52),
(261, 'Yıldız Elması', 6, 18),
(262, 'Hint İnciri', 24, 52),
(263, 'Jabuticaba', 6, 18),
(264, 'Elma', 24, 52),
(265, 'Böğürtlen', 6, 18),
(266, 'Mandalina', 6, 18),
(267, 'Portakal', 6, 18),
(268, 'Armut', 24, 52),
(269, 'Kivi', 24, 52),
(270, 'Muz', 6, 18),
(271, 'Avokado', 6, 18),
(272, 'Kızılcık', 6, 18),
(273, 'Mango', 24, 52),
(274, 'Bezelye', 6, 17),
(275, 'Bamya', 6, 17),
(276, 'Brokoli', 24, 51),
(277, 'Brüksel lahanası', 24, 51),
(278, 'Enginar', 24, 51),
(279, 'Hindiba', 24, 51),
(280, 'Ispanak', 24, 51),
(281, 'Karnabahar', 6, 17),
(282, 'Maydanoz', 24, 51),
(283, 'Pırasa', 6, 17),
(284, 'Semizotu', 24, 51),
(285, 'Şalgam', 6, 17),
(286, 'Barbunya', 6, 17),
(287, 'Börülce', 6, 17),
(288, 'Bateri', 7, 20),
(289, 'Tuba', 7, 19),
(290, 'Zurna', 27, 60),
(291, 'Bendir', 7, 20),
(292, 'Bongo', 7, 20),
(293, 'Davul', 27, 59),
(294, 'Fagot', 27, 60),
(295, 'Flüt', 27, 60),
(296, 'Kaşık', 7, 20),
(297, 'Kaval', 7, 19),
(298, 'Klarnet', 7, 19),
(299, 'Marimba', 27, 59),
(300, 'Mızıka', 7, 19),
(301, 'Nakkare', 7, 20),
(302, 'Ney', 7, 19),
(303, 'Saksafon', 7, 19),
(304, 'Sipsi', 27, 60),
(305, 'Timpani', 27, 59),
(306, 'Trombon', 7, 19),
(307, 'Trompet', 27, 60),
(308, 'Darbuka', 27, 59),
(309, 'Tulum', 27, 60),
(310, 'Adana', 25, 53),
(311, 'Ankara', 25, 54),
(312, 'Antalya', 25, 53),
(313, 'Aydın', 25, 53),
(314, 'Balıkesir', 25, 54),
(315, 'Bursa', 8, 22),
(316, 'Çanakkale', 25, 53),
(317, 'Denizli', 8, 22),
(318, 'Edirne', 8, 22),
(319, 'Eskişehir', 8, 22),
(320, 'İstanbul', 25, 54),
(321, 'İzmir', 8, 21),
(322, 'Kocaeli', 8, 21),
(323, 'Konya', 8, 22),
(324, 'Manisa', 8, 21),
(325, 'Muğla', 8, 22),
(326, 'Samsun', 8, 21),
(327, 'Sivas', 25, 54),
(328, 'Trabzon', 25, 53),
(329, 'Uşak', 25, 54),
(485, 'Kort', 34, 73),
(486, 'Ace', 34, 73),
(479, 'Triple-Double', 33, 72),
(480, 'Smaç', 33, 72),
(481, 'Break', 34, 73),
(482, 'Çifte hata', 34, 73),
(483, 'Servis', 34, 73),
(484, 'Forehand', 34, 73),
(478, 'Ribaund', 33, 72),
(477, 'Pota', 33, 72),
(476, 'Turnike', 33, 72),
(475, 'Steps', 33, 72),
(471, 'Frikik', 33, 71),
(472, 'Röveşata', 33, 71),
(473, 'Gol', 33, 71),
(474, 'Altın Gol', 33, 71),
(470, 'Ofsayt', 33, 71),
(468, 'TT', 32, 70),
(467, 'A1', 32, 70),
(466, 'M3 Coupe', 32, 69),
(458, 'New Beetle', 31, 67),
(459, 'Amarok', 31, 67),
(460, 'Tiguan', 31, 67),
(461, 'Caddy', 31, 67),
(462, 'Avensis', 31, 68),
(463, 'X3', 32, 69),
(464, '320i', 32, 69),
(465, 'E60 520d', 32, 69),
(469, 'Q7', 32, 70),
(457, 'Jetta', 31, 67),
(375, 'Ağrı', 11, 28),
(376, 'Artvin', 26, 56),
(377, 'Bilecik', 11, 27),
(378, 'Burdur', 11, 27),
(379, 'Diyarbakır', 11, 27),
(380, 'Erzincan', 11, 28),
(381, 'Gümüşhane', 11, 27),
(382, 'İçel', 11, 27),
(383, 'Kırklareli', 26, 55),
(384, 'Mardin', 26, 55),
(385, 'Nevşehir', 26, 56),
(386, 'Siirt', 26, 56),
(387, 'Tunceli', 26, 56),
(388, 'Van', 26, 55),
(389, 'Bayburt', 26, 55),
(390, 'Kırıkkale', 26, 55),
(391, 'Bartın', 11, 28),
(392, 'Iğdır', 26, 56),
(393, 'Kilis', 11, 27),
(394, 'Osmaniye', 11, 28),
(395, 'Gelincik', 14, 29),
(426, 'Villarreal CF', 28, 61),
(399, 'Panda', 14, 29),
(428, 'Arsenal FC', 29, 63),
(401, 'Zebra', 14, 29),
(402, 'Tilki', 14, 29),
(403, 'Fok balığı', 14, 29),
(404, 'Kanguru', 14, 29),
(405, 'Kaplumbağa', 14, 30),
(406, 'Timsah', 14, 30),
(407, 'Kertenkele', 14, 30),
(408, 'Kartal', 14, 30),
(427, 'Chelsea FC', 29, 63),
(410, 'Leylek', 14, 30),
(429, 'Aston Villa FC', 29, 63),
(413, 'Deve Kuşu', 14, 30),
(414, 'Ağaçkakan', 14, 30),
(415, 'Karga', 14, 30),
(416, 'Köpek Balığı', 14, 29),
(487, 'Pasör', 34, 74),
(488, 'Smaçör', 34, 74),
(489, 'Parmak Pas', 34, 74),
(490, 'Manşet', 34, 74),
(491, 'Papyon', 35, 75),
(492, 'Takke', 35, 75),
(493, 'Kötekli Saat', 35, 75),
(494, 'Kol Düğmesi', 35, 75),
(495, 'Fes', 35, 75),
(496, 'Tektaş yüzük', 35, 76),
(497, 'Bilezik', 35, 76),
(498, 'Eşarp', 35, 76),
(499, 'Şal', 35, 76),
(500, 'Yelpaze', 35, 76),
(501, 'Kuşburnu', 36, 77),
(502, 'Adaçayı', 36, 77),
(503, 'Sahlep', 36, 77),
(504, 'Ihlamur', 36, 77),
(505, 'Türk Kahvesi', 36, 77),
(506, 'Limonata', 36, 78),
(507, 'Şalgam Suyu', 36, 78),
(508, 'Churchill', 36, 78),
(509, 'Soda', 36, 78),
(510, 'Milkshake', 36, 78),
(511, 'Miligram', 37, 79),
(512, 'Ton', 37, 79),
(513, 'Okka', 37, 79),
(514, 'Ons', 37, 79),
(515, 'Karat', 37, 79),
(516, 'Kantar', 37, 79),
(517, 'Metreküp', 37, 80),
(518, 'Galon', 37, 80),
(519, 'Litre', 37, 80),
(520, 'Desilitre', 37, 80),
(521, 'Gigalitre', 37, 80),
(522, '', 0, 0),
(523, 'Dönüm', 38, 81),
(524, 'Dekar', 38, 81),
(525, 'Evlek', 38, 81),
(526, 'Milimetrekare', 38, 81),
(527, 'Hektar', 38, 81),
(528, 'Deniz mili', 38, 82),
(529, 'Feet', 38, 82),
(530, 'Fersah', 38, 82),
(531, 'Nanometre', 38, 82),
(532, 'Yard', 38, 82),
(533, 'Menzil', 38, 82),
(534, 'Nanometre', 38, 82),
(535, 'Abes', 39, 83),
(536, 'Cisim', 39, 83),
(537, 'Fitne', 39, 83),
(538, 'Kanun', 39, 83),
(539, 'Buhran', 39, 83),
(540, 'Dekoder', 39, 84),
(541, 'Barkod', 39, 84),
(542, '\r\nCips', 39, 84),
(543, 'Futbol', 39, 84),
(544, 'Abiye', 40, 85),
(545, 'Editör', 40, 85),
(546, 'Garaj', 40, 85),
(547, 'Kabare', 40, 85),
(548, 'Bahar', 40, 86),
(549, 'Dürbün', 40, 86),
(550, 'Günah', 40, 86),
(551, 'Karpuz', 40, 86),
(552, 'Tilki', 41, 87),
(553, 'Sırtlan', 41, 87),
(554, 'Kaplan', 41, 87),
(555, 'Panter', 41, 87),
(556, 'Çıyan', 41, 87),
(557, 'Timsah', 41, 87),
(558, 'Leopar', 41, 87),
(559, 'Tırtıl', 41, 88),
(560, 'Fil', 41, 88),
(561, 'Zürafa', 41, 88),
(562, 'Bizon', 41, 88),
(563, 'Gergedan', 41, 88),
(564, 'Keklik', 41, 88),
(565, 'Manda', 41, 88),
(566, 'Diego Forlan', 42, 89),
(567, 'Wesley Sneijder', 42, 89),
(568, 'Arjen Robben', 42, 89),
(569, 'Didier Drogba', 42, 89),
(570, 'Robin van Persie', 42, 89),
(571, 'Mesut Özil', 42, 89),
(572, 'Gareth Bale', 42, 89),
(573, 'Hidayet Türkoğlu', 42, 90),
(574, 'Lebron James', 42, 90),
(575, 'Kobe Bryant', 42, 90),
(576, 'Chris Paul', 42, 90),
(577, 'Dirk Nowitzki', 42, 90),
(578, 'Dwyane Wade', 42, 90),
(579, 'Mehmet Okur', 42, 90),
(580, 'Eden Hazard', 42, 89),
(581, 'İtalya', 43, 91),
(582, 'Fransa', 43, 91),
(583, 'Lübnan', 43, 91),
(584, 'Fas', 43, 91),
(585, 'Yunanistan', 43, 91),
(586, 'Ukrayna', 43, 92),
(587, 'Gürcistan', 43, 92),
(588, 'Bulgaristan', 43, 92),
(589, 'Romanya', 43, 92),
(590, 'Moldova', 43, 92),
(591, 'Kazaklar', 44, 93),
(592, 'Savaş ve Barış', 44, 93),
(593, 'Diriliş', 44, 93),
(594, 'Anna Karenina', 44, 93),
(595, 'Efendi İle Uşağı', 44, 93),
(596, 'Bir Delinin Hatıra Defteri', 44, 94),
(597, 'Ölü Canlar', 44, 94),
(598, 'Kumarcılar', 44, 94),
(599, 'Dava', 44, 94),
(600, 'Eski Zaman Beyleri', 44, 94),
(601, 'Dokuzuncu Senfoni', 45, 95),
(602, 'Üçlü Konçerto', 45, 95),
(603, 'Koral Fantazi', 45, 95),
(604, 'Egmont', 45, 95),
(605, 'Requiem', 45, 96),
(606, 'Kırkıncı Senfoni', 45, 96),
(607, 'Figaro''nun Düğünü', 45, 96),
(608, 'Saraydan Kız Kaçırma', 45, 96),
(609, 'Hande Ataizi', 46, 97),
(610, 'Cem Davran', 46, 97),
(611, 'Göksel Kortay', 46, 97),
(612, 'Hakan Gerçek', 46, 97),
(613, 'Mehmet Ulay', 46, 97),
(614, 'Gülben Ergen', 46, 98),
(615, 'Kenan Işık', 46, 98),
(616, 'Sinem Kobal', 46, 98),
(617, 'Haldun Dormen', 46, 98),
(618, 'Seray Sever', 46, 98),
(619, 'Çağatay Ulusoy', 47, 99),
(620, 'Serenay Sarıkaya', 47, 99),
(621, 'Barış Falay', 47, 99),
(622, 'Şebnem Dönmez', 47, 99),
(623, 'Hazar Ergüçlü', 47, 99),
(624, 'Kenan İmirzalıoğlu', 47, 100),
(625, 'Haluk Bilginer', 47, 100),
(626, 'Tuncel Kurtiz', 47, 100),
(627, 'Cansu Dere', 47, 100),
(628, 'Kıvanç Tatlıtuğ', 47, 100),
(629, 'Total War', 48, 101),
(630, 'Civilization V', 48, 101),
(631, 'Dota', 48, 101),
(632, 'Warcraft III', 48, 101),
(633, 'Command & Conquer: Red Alert', 48, 101),
(634, 'Starcraft', 48, 101),
(635, 'Need For Speed', 48, 102),
(636, 'Asphalt 8: Airborne', 48, 102),
(637, 'Midnight Club 2', 48, 102),
(638, 'Colin McRae DiRT 3', 48, 102),
(639, '18 Wheels of Steel: Haulin', 48, 102),
(640, 'Colin McRae DiRT 3', 48, 102),
(641, 'Schindler''in Listesi', 49, 103),
(642, 'Yedi Samuray', 49, 103),
(643, 'Gladyatör', 49, 103),
(644, 'Piyanist', 49, 103),
(645, 'Hotel Ruanda', 49, 103),
(646, 'Er Ryan''ı Kurtarmak', 49, 103),
(647, 'Cesur Yürek', 49, 103),
(648, 'WALL·E', 49, 104),
(649, 'Kayip Balik Nemo', 49, 104),
(650, 'Yukari Bak (UP)', 49, 104),
(651, 'Buz devri', 49, 104),
(652, 'İnanilmaz aile', 49, 104),
(653, 'Arabalar', 49, 104),
(654, 'Oyuncak Hikayesi', 49, 104),
(655, 'Shrek', 49, 104),
(656, 'Hababam Sınıfı', 50, 105),
(657, 'Tosun Paşa', 50, 105),
(658, 'Düğün Dernek', 50, 105),
(659, 'Neşeli Günler', 50, 105),
(660, 'Truman Show', 50, 105),
(661, 'Felekten Bir Gece(Hangover)', 50, 105),
(662, 'Evde Tek Başına', 50, 105),
(663, 'Sihirbaz (The Illusionist)', 50, 106),
(664, 'Diğerleri (The Others)', 50, 106),
(665, 'Kelebek Etkisi', 50, 106),
(666, 'Şanslı Slevin (Lucky Number Slevin)', 50, 106),
(667, 'Oyun (The Game)', 50, 106),
(668, 'Akıl Defteri (Memento)', 50, 106),
(669, 'Prestij (The Prestige)', 50, 106),
(670, 'Olağan Şüpheliler (The Usual Suspects)', 50, 106),
(671, 'Baba (The Godfather)', 51, 107),
(672, 'Ucuz Roman (Pulp fiction)', 51, 107),
(673, 'Leon', 51, 107),
(674, 'Titanik', 51, 107),
(675, 'Siyah Kugu', 51, 107),
(676, 'Amerikan Güzeli', 51, 107),
(677, 'İhtiyarlara Yer Yok', 51, 107),
(678, 'Yüzüklerin Efendisi Serisi', 51, 108),
(679, 'Şeytanın Avukatı', 51, 108),
(680, 'Star Wars Serisi', 51, 108),
(681, 'Jumanji', 51, 108),
(682, 'X-Men Serisi', 51, 108),
(683, 'Bıçağın İki Yüzü', 51, 108),
(684, 'Hayalet Avcıları', 51, 108),
(685, 'Karayip Korsanları Serisi', 51, 108);

-- --------------------------------------------------------

--
-- Tablo için tablo yapısı `tbl_scores`
--

CREATE TABLE IF NOT EXISTS `tbl_scores` (
  `id` int(11) NOT NULL AUTO_INCREMENT,
  `section_id` int(11) NOT NULL,
  `user_id` int(11) NOT NULL,
  `score` mediumint(9) NOT NULL,
  PRIMARY KEY (`id`)
) ENGINE=InnoDB  DEFAULT CHARSET=utf8 AUTO_INCREMENT=2272 ;

--
-- Tablo döküm verisi `tbl_scores`
--

INSERT INTO `tbl_scores` (`id`, `section_id`, `user_id`, `score`) VALUES
(114, 1, 275868, 82),
(115, 1, 275868, 81),
(116, 1, 275868, 80),
(117, 1, 275868, 79),
(118, 1, 275868, 78),
(119, 1, 275868, 77),
(120, 1, 275868, 76),
(121, 1, 275868, 75),
(122, 1, 275868, 74),
(123, 1, 275868, 73),
(124, 1, 275868, 72),
(125, 1, 275868, 71),
(126, 1, 275868, 70),
(127, 1, 275868, 69),
(129, 1, 871810, 126),
(130, 1, 871810, 125),
(131, 1, 871810, 124),
(132, 1, 871810, 123),
(133, 1, 871810, 122),
(134, 1, 871810, 121),
(135, 1, 871810, 120),
(136, 1, 871810, 119),
(157, 3, 329768, 403),
(159, 3, 810740, 378),
(161, 3, 708809, 467),
(168, 3, 163384, 449),
(170, 3, 163384, 474),
(173, 3, 163384, 463),
(186, 3, 531184, 54),
(187, 2, 531184, 74),
(188, 1, 531184, 220),
(189, 1, 531184, 148),
(190, 1, 531184, 76),
(191, 1, 531184, 24),
(192, 3, 531184, 74),
(193, 4, 186559, 150),
(195, 4, 186559, 78),
(196, 2, 186559, 80),
(197, 2, 133949, 34),
(198, 3, 133949, 34),
(199, 1, 852647, 60),
(200, 3, 531184, 8),
(201, 1, 686928, 60),
(202, 2, 397700, 60),
(203, 1, 397700, 60),
(204, 3, 736435, 40),
(207, 4, 379383, 20),
(208, 14, 206414, 30),
(209, 11, 206414, 30),
(212, 9, 457735, 336),
(213, 1, 457735, 264),
(214, 5, 947462, 0),
(216, 6, 651717, 348),
(223, 1, 155602, 192),
(228, 8, 155602, 254),
(230, 14, 155602, 30),
(231, 13, 654456, 468),
(232, 9, 174253, 18),
(233, 11, 978549, 54),
(234, 1, 382235, 438),
(235, 1, 382235, 0),
(237, 2, 506041, 0),
(238, 9, 383825, 6),
(239, 8, 996126, 0),
(240, 11, 193033, 42),
(241, 11, 193033, 0),
(242, 1, 193033, 0),
(243, 6, 516305, 48),
(244, 3, 609116, 132),
(245, 4, 609116, 0),
(246, 1, 609116, 12),
(247, 13, 465685, 0),
(248, 12, 360561, 366),
(249, 12, 360561, 0),
(250, 12, 360561, 0),
(251, 12, 360561, 54),
(252, 12, 360561, 342),
(253, 12, 360561, 480),
(254, 14, 360561, 150),
(255, 3, 595988, 0),
(256, 9, 595988, 12),
(258, 13, 595988, 0),
(259, 1, 616897, 12),
(260, 1, 616897, 12),
(263, 1, 924256, 42),
(264, 4, 871913, 0),
(265, 1, 871913, 276),
(266, 8, 871913, 0),
(267, 8, 178038, 0),
(268, 8, 178038, 230),
(269, 8, 178038, 0),
(270, 8, 178038, 337),
(271, 3, 178038, 284),
(272, 3, 178038, 200),
(273, 2, 449524, 0),
(274, 6, 577733, 84),
(275, 9, 366010, 366),
(276, 1, 366010, 0),
(277, 6, 366010, 366),
(278, 1, 923479, 186),
(279, 1, 923479, 480),
(280, 2, 923479, 142),
(281, 2, 923479, 220),
(282, 2, 923479, 302),
(283, 2, 923479, 176),
(284, 2, 923479, 350),
(285, 8, 923479, 18),
(286, 8, 923479, 403),
(289, 4, 923479, 0),
(290, 4, 923479, 146),
(291, 4, 923479, 94),
(292, 4, 923479, 234),
(293, 4, 923479, 0),
(295, 4, 923479, 170),
(298, 8, 923479, 380),
(299, 8, 923479, 340),
(300, 5, 923479, 62),
(301, 5, 923479, 0),
(302, 5, 923479, 0),
(303, 5, 923479, 20),
(304, 5, 923479, 98),
(305, 9, 923479, 0),
(306, 2, 100498, 124),
(307, 8, 813686, 0),
(308, 8, 813686, 428),
(309, 13, 813686, 0),
(310, 9, 813686, 420),
(312, 5, 813686, 298),
(318, 6, 456257, 84),
(320, 8, 975825, 0),
(321, 8, 975825, 302),
(322, 11, 975825, 300),
(324, 8, 821804, 48),
(327, 1, 917139, 0),
(328, 1, 917139, 0),
(329, 1, 917139, 288),
(332, 2, 402120, 0),
(338, 4, 402120, 406),
(340, 8, 904128, 102),
(341, 5, 904128, 8),
(342, 1, 904128, 6),
(347, 11, 408223, 30),
(348, 14, 113212, 96),
(351, 12, 113212, 0),
(352, 12, 113212, 306),
(353, 12, 113212, 330),
(355, 14, 113212, 438),
(356, 11, 113212, 186),
(357, 11, 113212, 240),
(358, 11, 113212, 0),
(361, 2, 113212, 312),
(362, 8, 113212, 411),
(363, 8, 113212, 420),
(364, 3, 385336, 458),
(365, 14, 721854, 0),
(366, 2, 881052, 0),
(367, 9, 260217, 0),
(368, 3, 380698, 176),
(369, 2, 329977, 310),
(371, 11, 840654, 408),
(372, 9, 127474, 168),
(373, 10, 127474, 336),
(374, 7, 308434, 0),
(375, 7, 308434, 0),
(377, 7, 515779, 432),
(379, 11, 515779, 72),
(380, 14, 515779, 0),
(383, 4, 515779, 66),
(385, 13, 515764, 270),
(386, 13, 515764, 300),
(390, 6, 515764, 120),
(391, 11, 431302, 0),
(392, 8, 848165, 82),
(393, 8, 848165, 84),
(396, 3, 528046, 58),
(397, 13, 567349, 12),
(398, 5, 567349, 118),
(399, 2, 567349, 362),
(401, 14, 417544, 42),
(402, 14, 417544, 54),
(403, 10, 568980, 30),
(404, 14, 417544, 234),
(405, 11, 417544, 36),
(406, 2, 417544, 150),
(407, 12, 417544, 168),
(408, 11, 271293, 186),
(409, 14, 271293, 6),
(410, 4, 417544, 4),
(411, 14, 271293, 318),
(412, 12, 417544, 72),
(413, 1, 271293, 102),
(414, 9, 426096, 228),
(415, 9, 426096, 306),
(416, 9, 426096, 54),
(418, 6, 575366, 132),
(420, 4, 394358, 0),
(421, 13, 495230, 6),
(422, 9, 445593, 378),
(423, 9, 445593, 24),
(424, 12, 445593, 168),
(425, 12, 445593, 6),
(426, 2, 445593, 0),
(427, 10, 445593, 96),
(428, 9, 445593, 252),
(429, 9, 445593, 378),
(430, 5, 445593, 78),
(431, 6, 445593, 258),
(432, 3, 412413, 0),
(434, 13, 937234, 48),
(436, 11, 376769, 294),
(437, 14, 919003, 6),
(439, 6, 196116, 336),
(440, 1, 269502, 0),
(441, 1, 269502, 0),
(442, 1, 269502, 414),
(443, 1, 269502, 336),
(444, 13, 269502, 60),
(445, 13, 269502, 144),
(446, 7, 585518, 40),
(447, 6, 717085, 384),
(448, 4, 625481, 2),
(449, 1, 866269, 330),
(450, 6, 418824, 24),
(453, 11, 340935, 12),
(455, 4, 308588, 0),
(457, 13, 553773, 438),
(459, 4, 777890, 30),
(462, 14, 933061, 36),
(463, 11, 933061, 288),
(466, 5, 800831, 108),
(467, 5, 800831, 154),
(468, 5, 800831, 194),
(469, 14, 100690, 36),
(471, 5, 800831, 182),
(472, 13, 489105, 72),
(473, 9, 513736, 12),
(474, 9, 513736, 60),
(475, 6, 452437, 12),
(477, 9, 946891, 0),
(478, 13, 532792, 0),
(479, 4, 532792, 4),
(480, 9, 261227, 252),
(481, 14, 261227, 120),
(482, 1, 261227, 42),
(483, 14, 261227, 6),
(484, 11, 261227, 450),
(485, 14, 261227, 198),
(486, 10, 261227, 0),
(487, 13, 261227, 276),
(488, 4, 261227, 120),
(489, 13, 261227, 168),
(490, 3, 261227, 250),
(491, 5, 261227, 10),
(492, 1, 234302, 186),
(493, 2, 410991, 0),
(494, 1, 234302, 6),
(495, 2, 410991, 0),
(496, 1, 234302, 144),
(497, 1, 234302, 318),
(499, 9, 559713, 0),
(500, 9, 109495, 24),
(501, 9, 385943, 462),
(505, 15, 242002, 279),
(506, 4, 242002, 401),
(507, 6, 140742, 481),
(508, 16, 140742, 12),
(510, 5, 458257, 200),
(511, 22, 458257, 7),
(512, 22, 458257, 0),
(513, 9, 522651, 78),
(514, 11, 522651, 0),
(515, 17, 578896, 69),
(516, 17, 578896, 27),
(517, 11, 836633, 180),
(518, 15, 836633, 200),
(519, 19, 836633, 169),
(520, 10, 836633, 485),
(521, 19, 836633, 94),
(522, 21, 579092, 62),
(523, 9, 579092, 318),
(524, 22, 133727, 42),
(525, 8, 940365, 2),
(526, 4, 478835, 238),
(527, 19, 940365, 20),
(528, 4, 478835, 139),
(529, 24, 940365, 0),
(530, 19, 651607, 213),
(531, 19, 651607, 363),
(532, 20, 299325, 0),
(533, 20, 299325, 0),
(534, 20, 299325, 175),
(535, 15, 299325, 378),
(536, 14, 299325, 0),
(537, 3, 809343, 0),
(538, 9, 909219, 84),
(539, 24, 220848, 6),
(540, 9, 909219, 162),
(541, 24, 220848, 126),
(542, 9, 909219, 344),
(543, 9, 220848, 42),
(544, 29, 220848, 198),
(545, 17, 220848, 268),
(546, 17, 220848, 247),
(547, 9, 220848, 162),
(548, 5, 323842, 0),
(549, 2, 220848, 0),
(550, 30, 323842, 411),
(551, 26, 220848, 45),
(552, 19, 323842, 1),
(553, 24, 220848, 138),
(554, 23, 323842, 307),
(555, 5, 220848, 203),
(556, 26, 323842, 0),
(557, 20, 323842, 50),
(558, 22, 323842, 116),
(559, 24, 323842, 306),
(560, 11, 323842, 318),
(561, 34, 382840, 0),
(562, 46, 781338, 448),
(563, 32, 781338, 23),
(564, 38, 781338, 288),
(565, 32, 781338, 400),
(566, 6, 781338, 482),
(567, 6, 781338, 479),
(568, 1, 444800, 204),
(569, 29, 345576, 11),
(570, 29, 345576, 28),
(571, 33, 345576, 320),
(572, 33, 345576, 0),
(573, 27, 315704, 142),
(574, 27, 315704, 266),
(575, 33, 183090, 338),
(576, 19, 183090, 288),
(577, 6, 855158, 324),
(578, 17, 855158, 0),
(579, 12, 855158, 278),
(580, 42, 855158, 343),
(581, 22, 855158, 10),
(582, 14, 855158, 7),
(583, 9, 855158, 0),
(584, 36, 855158, 11),
(585, 16, 936762, 307),
(586, 21, 936762, 0),
(587, 27, 936762, 287),
(588, 29, 936762, 332),
(589, 10, 936762, 463),
(590, 27, 936762, 301),
(591, 18, 936762, 0),
(592, 18, 936762, 176),
(593, 44, 936762, 490),
(594, 29, 936762, 366),
(595, 6, 936762, 402),
(596, 32, 992848, 344),
(597, 21, 816780, 54),
(598, 21, 816780, 28),
(599, 28, 808351, 388),
(600, 41, 699748, 12),
(603, 41, 699748, 246),
(604, 24, 699748, 0),
(605, 33, 701650, 412),
(606, 1, 227036, 24),
(607, 34, 711220, 1),
(608, 30, 303648, 407),
(609, 30, 303648, 407),
(610, 42, 892725, 58),
(611, 33, 303648, 0),
(612, 33, 303648, 0),
(613, 17, 303648, 101),
(614, 33, 303648, 0),
(615, 1, 303648, 96),
(616, 5, 303648, 0),
(617, 12, 303648, 0),
(618, 11, 303648, 36),
(619, 3, 303648, 320),
(620, 13, 303648, 0),
(621, 13, 303648, 54),
(622, 31, 303648, 206),
(623, 15, 303648, 0),
(624, 19, 303648, 188),
(625, 41, 303648, 294),
(626, 44, 303648, 56),
(627, 35, 303648, 133),
(628, 12, 303648, 204),
(629, 27, 726043, 28),
(630, 4, 726043, 401),
(631, 4, 726043, 412),
(632, 10, 726043, 474),
(633, 25, 726043, 32),
(634, 27, 377371, 108),
(635, 27, 377371, 256),
(636, 44, 285637, 302),
(637, 26, 784628, 26),
(638, 45, 784628, 258),
(639, 4, 784628, 7),
(640, 38, 784628, 300),
(641, 25, 939103, 75),
(642, 25, 535003, 107),
(643, 25, 535003, 170),
(644, 30, 535003, 415),
(645, 18, 535003, 188),
(646, 18, 535003, 209),
(647, 21, 535003, 0),
(648, 34, 535003, 1),
(649, 43, 743666, 410),
(650, 15, 743666, 0),
(651, 15, 743666, 0),
(652, 32, 743666, 174),
(653, 16, 743666, 0),
(654, 16, 743666, 361),
(655, 24, 743666, 72),
(656, 24, 743666, 299),
(657, 40, 743666, 376),
(658, 14, 743666, 177),
(659, 14, 743666, 381),
(660, 5, 743666, 150),
(661, 5, 743666, 208),
(662, 14, 743666, 378),
(663, 9, 743666, 144),
(664, 9, 743666, 120),
(665, 9, 743666, 354),
(666, 20, 434419, 48),
(667, 20, 434419, 82),
(668, 45, 608998, 390),
(669, 40, 608998, 15),
(670, 9, 608998, 204),
(671, 29, 608998, 163),
(672, 1, 608998, 12),
(673, 19, 608998, 169),
(674, 17, 271623, 7),
(675, 17, 271623, 26),
(676, 17, 271623, 89),
(677, 17, 271623, 232),
(678, 39, 271623, 475),
(679, 5, 271623, 194),
(680, 12, 271623, 284),
(681, 41, 271623, 276),
(682, 41, 271623, 216),
(683, 43, 271623, 116),
(684, 46, 667842, 42),
(685, 10, 965747, 459),
(686, 34, 965747, 228),
(687, 43, 597190, 426),
(688, 43, 597190, 419),
(689, 35, 597190, 266),
(690, 35, 597190, 75),
(691, 26, 267135, 0),
(692, 26, 267135, 0),
(693, 35, 267135, 34),
(694, 35, 267135, 282),
(695, 40, 267135, 0),
(696, 40, 267135, 273),
(697, 35, 267135, 0),
(698, 40, 267135, 60),
(699, 29, 267135, 46),
(700, 1, 267135, 314),
(701, 15, 267135, 388),
(702, 15, 267135, 366),
(703, 18, 267135, 22),
(704, 18, 267135, 204),
(705, 38, 267135, 310),
(706, 11, 267135, 315),
(707, 8, 267135, 114),
(708, 8, 267135, 179),
(709, 7, 267135, 76),
(710, 7, 267135, 220),
(711, 11, 267135, 308),
(712, 20, 267135, 0),
(713, 20, 267135, 0),
(714, 21, 568638, 36),
(715, 21, 568638, 0),
(716, 21, 568638, 0),
(717, 20, 568638, 0),
(718, 20, 568638, 70),
(719, 44, 166542, 268),
(720, 36, 772711, 28),
(721, 36, 772711, 491),
(722, 43, 772711, 227),
(723, 43, 772711, 10),
(724, 41, 752437, 300),
(725, 41, 752437, 301),
(726, 41, 752437, 198),
(727, 1, 497052, 0),
(728, 1, 497052, 258),
(729, 14, 970221, 344),
(730, 28, 970221, 398),
(731, 42, 753427, 157),
(732, 42, 753427, 291),
(733, 3, 753427, 296),
(734, 18, 909119, 0),
(735, 32, 711908, 23),
(736, 3, 753427, 304),
(737, 18, 909119, 136),
(738, 3, 753427, 300),
(739, 14, 595077, 219),
(740, 16, 909119, 390),
(741, 20, 753427, 0),
(742, 43, 641778, 46),
(743, 12, 909119, 48),
(744, 12, 909119, 311),
(745, 17, 909119, 51),
(746, 15, 909119, 390),
(747, 12, 909119, 321),
(748, 29, 909119, 256),
(749, 19, 909119, 344),
(750, 7, 909119, 101),
(751, 31, 909119, 201),
(752, 31, 909119, 192),
(753, 18, 909119, 207),
(754, 2, 909119, 0),
(755, 1, 289593, 36),
(756, 1, 289593, 12),
(757, 11, 155171, 42),
(758, 9, 155171, 18),
(759, 26, 155171, 359),
(760, 4, 155171, 0),
(761, 17, 359433, 40),
(762, 37, 359433, 244),
(763, 3, 359433, 0),
(764, 3, 359433, 303),
(765, 36, 847161, 99),
(766, 3, 359433, 283),
(767, 34, 173659, 188),
(768, 32, 359433, 397),
(769, 8, 173659, 102),
(770, 28, 359433, 380),
(771, 8, 173659, 58),
(772, 39, 359433, 0),
(773, 29, 359433, 17),
(774, 12, 359433, 296),
(775, 34, 770671, 175),
(776, 29, 770671, 186),
(777, 29, 770671, 116),
(778, 23, 770671, 300),
(779, 28, 770671, 395),
(780, 18, 770671, 201),
(781, 43, 770671, 274),
(782, 21, 770671, 136),
(783, 42, 770671, 363),
(784, 41, 770671, 313),
(785, 28, 770671, 403),
(786, 40, 770671, 349),
(787, 6, 512805, 210),
(788, 6, 512805, 36),
(789, 6, 512805, 240),
(790, 44, 787568, 502),
(791, 26, 575840, 19),
(792, 26, 575840, 352),
(793, 29, 575840, 17),
(794, 29, 575840, 353),
(795, 25, 575840, 269),
(796, 28, 987155, 396),
(798, 23, 987155, 36),
(799, 16, 987155, 307),
(800, 19, 987155, 319),
(801, 17, 987155, 33),
(802, 20, 168848, 2),
(803, 38, 987155, 296),
(805, 8, 987155, 158),
(806, 8, 987155, 207),
(807, 30, 987155, 419),
(808, 4, 987155, 390),
(809, 38, 987155, 306),
(810, 12, 987155, 285),
(811, 42, 987155, 363),
(812, 12, 987155, 264),
(813, 10, 987155, 439),
(814, 41, 987155, 298),
(815, 5, 987155, 182),
(816, 9, 987155, 348),
(817, 14, 987155, 395),
(818, 40, 987155, 361),
(820, 36, 855530, 233),
(821, 24, 987155, 126),
(822, 20, 855530, 0),
(824, 41, 572114, 198),
(825, 38, 572114, 300),
(826, 29, 572114, 122),
(827, 42, 572114, 262),
(828, 40, 682267, 9),
(829, 6, 883361, 114),
(830, 40, 682267, 114),
(831, 6, 883361, 36),
(832, 40, 682267, 183),
(833, 37, 682267, 11),
(834, 17, 682267, 226),
(835, 41, 682267, 90),
(836, 28, 682267, 233),
(837, 28, 682267, 384),
(838, 6, 696411, 60),
(839, 37, 696411, 0),
(840, 42, 696411, 64),
(841, 8, 696411, 120),
(842, 34, 696411, 1),
(843, 43, 696411, 0),
(844, 42, 696411, 309),
(845, 19, 934473, 19),
(846, 11, 934473, 144),
(847, 5, 934473, 182),
(848, 28, 934473, 397),
(849, 38, 934473, 180),
(850, 4, 934473, 288),
(851, 9, 934473, 174),
(852, 9, 934473, 361),
(853, 28, 934473, 403),
(854, 12, 934473, 258),
(855, 12, 513000, 198),
(856, 12, 546019, 289),
(857, 29, 546019, 128),
(858, 43, 546019, 75),
(859, 20, 546019, 0),
(860, 31, 546019, 0),
(861, 4, 546019, 419),
(862, 46, 546019, 24),
(863, 20, 546019, 4),
(864, 22, 556522, 8),
(865, 18, 556522, 2),
(866, 37, 556522, 544),
(867, 35, 556522, 279),
(868, 40, 556522, 378),
(869, 2, 556522, 236),
(870, 19, 880746, 375),
(871, 3, 880746, 288),
(872, 1, 880746, 48),
(873, 21, 880746, 0),
(874, 41, 880746, 310),
(875, 15, 880746, 76),
(876, 7, 880746, 70),
(877, 2, 582049, 102),
(878, 2, 582049, 0),
(879, 24, 770560, 138),
(880, 16, 836161, 107),
(881, 12, 770560, 192),
(882, 4, 771939, 8),
(883, 16, 836161, 382),
(884, 22, 771939, 54),
(885, 32, 770560, 163),
(886, 41, 836161, 216),
(887, 22, 771939, 195),
(888, 23, 770560, 198),
(889, 23, 770560, 301),
(890, 35, 771939, 0),
(891, 30, 770560, 410),
(892, 41, 770560, 204),
(893, 5, 770560, 90),
(894, 24, 770560, 102),
(895, 43, 770560, 413),
(896, 41, 770560, 78),
(897, 9, 770560, 348),
(898, 34, 770560, 221),
(899, 8, 770560, 136),
(900, 31, 770560, 199),
(901, 12, 897987, 0),
(902, 14, 770560, 375),
(903, 36, 897987, 0),
(904, 4, 770560, 27),
(905, 23, 770560, 304),
(906, 2, 770560, 262),
(907, 32, 770560, 383),
(908, 4, 770560, 400),
(909, 1, 965004, 6),
(910, 34, 965004, 213),
(911, 33, 965004, 23),
(912, 10, 436995, 473),
(913, 10, 436995, 472),
(914, 42, 436995, 157),
(915, 6, 436995, 12),
(916, 27, 436995, 118),
(917, 18, 436995, 14),
(918, 44, 634316, 28),
(919, 11, 563089, 294),
(920, 25, 173219, 69),
(921, 16, 436995, 0),
(922, 15, 634316, 398),
(923, 34, 634316, 223),
(924, 14, 436995, 0),
(925, 38, 563089, 36),
(926, 14, 436995, 220),
(927, 31, 436995, 213),
(928, 4, 563089, 7),
(929, 27, 436995, 222),
(930, 32, 436995, 174),
(931, 37, 436995, 85),
(932, 35, 436995, 278),
(933, 6, 344796, 480),
(934, 6, 436995, 30),
(935, 6, 436995, 54),
(936, 6, 436995, 174),
(937, 13, 436995, 168),
(938, 35, 607774, 29),
(939, 45, 436995, 36),
(940, 14, 607774, 138),
(941, 14, 607774, 372),
(942, 30, 607774, 415),
(943, 38, 607774, 66),
(944, 14, 607774, 394),
(945, 18, 436995, 20),
(946, 25, 607774, 63),
(947, 25, 607774, 39),
(948, 36, 436995, 35),
(949, 15, 607774, 70),
(950, 20, 436995, 44),
(951, 44, 607774, 78),
(952, 36, 436995, 472),
(953, 37, 607774, 5),
(954, 38, 436995, 246),
(955, 32, 607774, 157),
(956, 42, 436995, 157),
(957, 37, 607774, 320),
(958, 31, 868989, 108),
(959, 39, 436995, 272),
(960, 3, 607774, 303),
(961, 31, 868989, 186),
(962, 44, 436995, 158),
(963, 38, 607774, 42),
(964, 27, 371640, 0),
(965, 19, 607774, 319),
(966, 2, 868989, 0),
(967, 2, 111528, 254),
(968, 39, 607774, 376),
(969, 42, 607774, 245),
(970, 30, 111528, 404),
(971, 20, 607774, 0),
(972, 1, 990594, 12),
(973, 33, 844642, 403),
(974, 1, 607774, 0),
(975, 19, 419040, 13),
(976, 3, 607774, 315),
(977, 22, 844642, 122),
(978, 19, 419040, 239),
(979, 22, 607774, 134),
(980, 17, 844642, 20),
(981, 28, 419040, 394),
(982, 21, 791474, 34),
(983, 16, 607774, 114),
(984, 28, 844642, 338),
(985, 27, 419040, 267),
(987, 41, 607774, 204),
(988, 21, 791474, 0),
(989, 37, 419040, 28),
(990, 24, 791474, 66),
(991, 10, 607774, 0),
(992, 6, 419040, 24),
(993, 34, 791474, 52),
(994, 31, 607774, 214),
(995, 1, 419040, 186),
(996, 36, 791474, 408),
(997, 43, 607774, 151),
(998, 30, 419040, 411),
(999, 20, 491172, 62),
(1000, 36, 791474, 491),
(1001, 40, 607774, 349),
(1002, 11, 607774, 295),
(1003, 20, 491172, 38),
(1004, 26, 419040, 269),
(1005, 36, 607774, 75),
(1006, 36, 419040, 390),
(1007, 3, 607774, 309),
(1008, 30, 607774, 407),
(1009, 43, 419040, 420),
(1010, 19, 607774, 89),
(1011, 31, 607774, 218),
(1012, 29, 419040, 227),
(1013, 24, 607774, 144),
(1014, 21, 419040, 104),
(1015, 7, 419040, 121),
(1016, 25, 419040, 46),
(1017, 14, 362636, 107),
(1018, 6, 196790, 18),
(1019, 28, 362636, 396),
(1020, 42, 196790, 157),
(1021, 17, 362636, 139),
(1022, 38, 362636, 0),
(1023, 31, 110017, 210),
(1024, 38, 362636, 298),
(1025, 34, 110017, 221),
(1026, 27, 959643, 96),
(1027, 16, 959643, 257),
(1028, 3, 836627, 311),
(1029, 3, 836627, 306),
(1030, 18, 807932, 8),
(1031, 18, 807932, 8),
(1032, 41, 808770, 12),
(1033, 5, 449298, 250),
(1034, 5, 449298, 250),
(1035, 36, 449298, 484),
(1036, 36, 449298, 484),
(1037, 36, 449298, 484),
(1038, 36, 449298, 484),
(1039, 36, 449298, 484),
(1040, 36, 449298, 484),
(1041, 36, 449298, 484),
(1042, 36, 449298, 484),
(1043, 36, 449298, 484),
(1044, 36, 449298, 484),
(1045, 36, 449298, 484),
(1046, 36, 449298, 484),
(1047, 36, 449298, 484),
(1048, 36, 449298, 484),
(1049, 36, 449298, 484),
(1050, 36, 449298, 484),
(1051, 36, 449298, 484),
(1052, 36, 449298, 484),
(1053, 36, 449298, 484),
(1054, 36, 449298, 484),
(1055, 36, 449298, 484),
(1056, 36, 449298, 484),
(1057, 36, 449298, 484),
(1058, 36, 449298, 484),
(1059, 36, 449298, 484),
(1060, 36, 449298, 484),
(1061, 36, 449298, 484),
(1062, 36, 449298, 484),
(1063, 26, 564803, 94),
(1064, 43, 232394, 23),
(1065, 14, 564803, 157),
(1066, 8, 429407, 108),
(1067, 16, 232394, 32),
(1068, 8, 429407, 178),
(1069, 5, 449925, 22),
(1070, 36, 232394, 40),
(1071, 31, 429407, 192),
(1072, 31, 429407, 207),
(1073, 15, 449925, 350),
(1074, 32, 232394, 0),
(1075, 40, 429407, 362),
(1076, 14, 232394, 201),
(1077, 41, 232394, 132),
(1078, 39, 244941, 483),
(1079, 9, 711245, 364),
(1080, 38, 449925, 240),
(1081, 12, 232394, 0),
(1082, 9, 711245, 362),
(1083, 36, 449925, 455),
(1084, 4, 232394, 0),
(1085, 37, 449925, 350),
(1086, 4, 232394, 0),
(1087, 4, 232394, 401),
(1088, 34, 449925, 19),
(1089, 28, 232394, 403),
(1090, 17, 449925, 251),
(1091, 23, 232394, 297),
(1092, 23, 232394, 287),
(1093, 14, 449925, 325),
(1094, 26, 793063, 357),
(1095, 24, 449925, 150),
(1096, 11, 232394, 289),
(1097, 29, 449925, 245),
(1098, 11, 232394, 323),
(1099, 23, 232394, 300),
(1100, 42, 232394, 303),
(1101, 42, 232394, 356),
(1102, 42, 232394, 346),
(1103, 26, 480413, 244),
(1104, 25, 480413, 13),
(1105, 15, 203037, 399),
(1106, 21, 480413, 88),
(1107, 43, 480413, 17),
(1109, 42, 480413, 128),
(1110, 1, 427301, 24),
(1111, 11, 886323, 144),
(1112, 17, 480413, 113),
(1113, 11, 886323, 303),
(1114, 28, 480413, 392),
(1115, 35, 480413, 267),
(1116, 11, 886323, 6),
(1117, 35, 480413, 301),
(1118, 11, 886323, 180),
(1119, 9, 480413, 54),
(1120, 45, 886323, 186),
(1121, 45, 886323, 372),
(1122, 32, 886323, 58),
(1123, 40, 480413, 349),
(1124, 32, 886323, 180),
(1125, 10, 165323, 447),
(1126, 45, 480413, 204),
(1127, 32, 886323, 344),
(1128, 16, 594241, 2),
(1129, 32, 886323, 370),
(1130, 17, 165323, 82),
(1131, 32, 480413, 58),
(1132, 7, 594241, 0),
(1133, 32, 886323, 347),
(1134, 33, 480413, 425),
(1135, 46, 165323, 246),
(1136, 20, 886323, 16),
(1137, 43, 165323, 418),
(1138, 38, 480413, 24),
(1139, 20, 886323, 62),
(1140, 20, 165323, 0),
(1141, 28, 165323, 400),
(1142, 12, 165323, 272),
(1143, 12, 165323, 317),
(1144, 14, 165323, 391),
(1145, 25, 955249, 225),
(1146, 38, 955249, 96),
(1147, 38, 955249, 210),
(1148, 38, 955249, 272),
(1149, 43, 955249, 157),
(1150, 30, 955249, 410),
(1151, 39, 955249, 408),
(1152, 12, 607774, 48),
(1153, 9, 955249, 174),
(1154, 9, 955249, 0),
(1155, 1, 288687, 12),
(1156, 9, 955249, 333),
(1157, 25, 805550, 26),
(1158, 38, 955249, 317),
(1159, 37, 955249, 532),
(1160, 1, 955249, 18),
(1161, 29, 800920, 151),
(1162, 18, 805550, 28),
(1163, 1, 955249, 287),
(1164, 22, 933833, 160),
(1165, 41, 955249, 144),
(1166, 22, 933833, 42),
(1167, 7, 345050, 114),
(1168, 24, 933833, 78),
(1169, 18, 955249, 176),
(1170, 33, 345050, 0),
(1171, 6, 860899, 108),
(1172, 11, 955249, 276),
(1173, 29, 933833, 63),
(1174, 46, 345050, 455),
(1175, 17, 358539, 50),
(1176, 28, 860899, 385),
(1177, 12, 933833, 0),
(1178, 17, 358539, 26),
(1179, 11, 955249, 276),
(1180, 15, 345050, 0),
(1181, 2, 345050, 170),
(1182, 3, 243280, 240),
(1183, 43, 345050, 279),
(1184, 45, 955249, 446),
(1185, 5, 345050, 104),
(1186, 31, 243280, 2),
(1187, 15, 345050, 0),
(1188, 27, 243280, 68),
(1189, 45, 955249, 454),
(1190, 24, 243280, 102),
(1191, 16, 345050, 108),
(1192, 5, 243280, 114),
(1193, 38, 345050, 180),
(1194, 30, 345050, 406),
(1195, 8, 243280, 24),
(1196, 42, 345050, 192),
(1197, 13, 243280, 0),
(1198, 9, 124312, 174),
(1199, 18, 588863, 28),
(1200, 12, 345050, 0),
(1201, 18, 243280, 48),
(1202, 31, 345050, 206),
(1203, 34, 124312, 219),
(1204, 11, 588863, 30),
(1205, 42, 243280, 29),
(1206, 11, 345050, 0),
(1207, 45, 124312, 462),
(1208, 21, 588863, 16),
(1209, 8, 243280, 12),
(1210, 32, 588863, 297),
(1211, 43, 124312, 40),
(1212, 44, 243280, 440),
(1213, 27, 588863, 154),
(1214, 17, 588863, 265),
(1215, 36, 345050, 478),
(1216, 18, 243280, 0),
(1217, 46, 345050, 461),
(1218, 34, 588863, 163),
(1219, 31, 243280, 174),
(1220, 22, 588863, 8),
(1221, 31, 345050, 217),
(1222, 40, 243280, 12),
(1223, 14, 124443, 13),
(1224, 36, 243280, 0),
(1225, 14, 124443, 0),
(1226, 21, 243280, 0),
(1227, 31, 124443, 196),
(1228, 18, 946316, 0),
(1229, 41, 124443, 0),
(1230, 40, 243280, 0),
(1231, 29, 946316, 34),
(1232, 19, 124443, 69),
(1233, 26, 243280, 0),
(1234, 19, 124443, 282),
(1235, 18, 227653, 171),
(1236, 9, 243280, 66),
(1237, 27, 124443, 296),
(1238, 7, 243280, 0),
(1239, 19, 636978, 94),
(1240, 9, 124443, 18),
(1241, 7, 243280, 0),
(1242, 6, 124443, 476),
(1243, 13, 243280, 0),
(1244, 14, 124443, 377),
(1245, 5, 923358, 200),
(1246, 32, 243280, 0),
(1247, 43, 276516, 23),
(1248, 1, 630802, 84),
(1249, 11, 890073, 54),
(1250, 39, 243280, 0),
(1251, 26, 124443, 8),
(1252, 12, 534238, 234),
(1253, 1, 630802, 30),
(1254, 26, 124443, 15),
(1255, 12, 534238, 252),
(1256, 4, 773079, 163),
(1257, 5, 534238, 22),
(1258, 26, 124443, 22),
(1259, 4, 773079, 70),
(1260, 26, 124443, 312),
(1261, 24, 124443, 12),
(1262, 6, 811865, 477),
(1263, 20, 811865, 2),
(1264, 36, 354561, 134),
(1265, 11, 811865, 0),
(1266, 26, 448392, 300),
(1267, 41, 811865, 0),
(1268, 39, 672489, 0),
(1269, 26, 448392, 1),
(1270, 29, 811865, 256),
(1271, 44, 210309, 194),
(1272, 1, 811865, 30),
(1273, 7, 218208, 101),
(1274, 45, 900261, 294),
(1275, 34, 900261, 163),
(1276, 9, 175808, 0),
(1277, 5, 900261, 215),
(1278, 24, 900261, 174),
(1279, 12, 175808, 18),
(1280, 10, 188001, 455),
(1281, 5, 943917, 16),
(1282, 40, 665490, 111),
(1283, 6, 188001, 198),
(1284, 28, 999773, 373),
(1285, 13, 957261, 0),
(1286, 1, 999773, 0),
(1287, 4, 999773, 0),
(1288, 31, 816558, 206),
(1289, 12, 771193, 138),
(1290, 5, 999773, 0),
(1291, 37, 353210, 29),
(1292, 13, 771193, 150),
(1293, 23, 175460, 126),
(1294, 27, 771193, 182),
(1295, 31, 771193, 214),
(1296, 46, 577823, 18),
(1297, 17, 771193, 26),
(1298, 46, 577823, 6),
(1299, 4, 413984, 201),
(1300, 13, 771193, 0),
(1301, 45, 124782, 234),
(1302, 38, 293652, 78),
(1303, 4, 413984, 401),
(1304, 24, 124782, 198),
(1305, 7, 771193, 0),
(1306, 46, 413984, 12),
(1307, 45, 771193, 246),
(1308, 5, 977175, 162),
(1309, 27, 771193, 278),
(1310, 1, 413984, 84),
(1311, 20, 977175, 0),
(1312, 15, 196802, 275),
(1313, 45, 771193, 246),
(1314, 15, 413984, 382),
(1315, 30, 284902, 416),
(1316, 15, 196802, 57),
(1317, 40, 123588, 0),
(1318, 13, 413984, 30),
(1319, 23, 123588, 102),
(1320, 9, 284902, 264),
(1321, 9, 413984, 162),
(1322, 23, 413984, 42),
(1323, 44, 284902, 428),
(1324, 39, 123588, 0),
(1325, 33, 284902, 221),
(1327, 40, 391572, 0),
(1328, 19, 284902, 238),
(1329, 14, 391572, 82),
(1330, 35, 284902, 279),
(1331, 7, 391572, 0),
(1332, 1, 284902, 270),
(1333, 1, 391572, 0),
(1334, 20, 284902, 0),
(1335, 8, 391572, 0),
(1336, 26, 641978, 38),
(1337, 40, 545543, 354),
(1338, 40, 545543, 373),
(1339, 2, 545543, 66),
(1340, 28, 723541, 198),
(1341, 13, 831197, 168),
(1342, 36, 641421, 35),
(1343, 28, 545543, 382),
(1344, 10, 161461, 413),
(1345, 10, 161461, 467),
(1346, 25, 161461, 13),
(1347, 20, 161461, 0),
(1348, 33, 592149, 169),
(1349, 19, 231349, 325),
(1350, 37, 846083, 490),
(1351, 19, 231349, 157),
(1352, 5, 203558, 2),
(1353, 18, 283256, 28),
(1354, 18, 283256, 179),
(1355, 9, 464009, 234),
(1356, 41, 829475, 66),
(1357, 35, 283256, 262),
(1358, 34, 283256, 235),
(1359, 45, 464009, 276),
(1360, 4, 283256, 413),
(1361, 12, 180146, 282),
(1362, 43, 464009, 11),
(1363, 14, 765890, 69),
(1364, 43, 283256, 40),
(1365, 41, 180146, 258),
(1366, 6, 938437, 24),
(1367, 35, 464009, 151),
(1368, 35, 283256, 295),
(1369, 14, 765890, 232),
(1370, 23, 180146, 30),
(1371, 31, 283256, 211),
(1372, 6, 938437, 132),
(1373, 33, 303778, 0),
(1374, 30, 458438, 414),
(1375, 13, 180146, 0),
(1376, 14, 283256, 188),
(1377, 14, 765890, 195),
(1378, 21, 566108, 56),
(1379, 35, 938437, 99),
(1380, 30, 557427, 34),
(1381, 5, 180146, 0),
(1382, 13, 458438, 0),
(1383, 30, 557427, 402),
(1384, 41, 938437, 84),
(1385, 21, 566108, 32),
(1386, 14, 765890, 0),
(1387, 30, 557427, 391),
(1388, 45, 180146, 0),
(1389, 32, 684071, 23),
(1390, 40, 163149, 338),
(1391, 10, 220313, 452),
(1392, 45, 566108, 12),
(1393, 14, 765890, 15),
(1394, 30, 220313, 415),
(1395, 4, 557427, 26),
(1396, 24, 566108, 168),
(1397, 32, 684071, 11),
(1398, 9, 603654, 12),
(1399, 28, 566108, 398),
(1400, 14, 765890, 316),
(1401, 46, 220313, 6),
(1402, 8, 603654, 199),
(1403, 6, 566108, 0),
(1404, 24, 677101, 6),
(1405, 31, 530614, 160),
(1406, 9, 194747, 12),
(1407, 28, 530614, 393),
(1408, 46, 765890, 0),
(1409, 12, 168295, 72),
(1410, 20, 472529, 18),
(1411, 36, 134272, 472),
(1412, 34, 530614, 7),
(1413, 1, 855596, 18),
(1414, 7, 765890, 14),
(1415, 14, 134272, 389),
(1416, 17, 472529, 58),
(1417, 14, 134272, 392),
(1418, 4, 530614, 89),
(1419, 1, 855596, 0),
(1420, 18, 765890, 0),
(1421, 17, 472529, 8),
(1422, 41, 134272, 162),
(1423, 13, 472529, 0),
(1424, 5, 134272, 30),
(1425, 9, 134272, 356),
(1426, 15, 134272, 395),
(1427, 41, 700077, 0),
(1428, 13, 134272, 150),
(1429, 19, 700077, 169),
(1430, 4, 134272, 401),
(1431, 42, 700077, 204),
(1432, 16, 650787, 113),
(1433, 8, 309695, 0),
(1434, 42, 706767, 297),
(1435, 22, 910875, 0),
(1436, 16, 650787, 20),
(1437, 45, 706767, 0),
(1438, 22, 818059, 148),
(1439, 45, 706767, 467),
(1440, 16, 650787, 0),
(1441, 25, 706767, 316),
(1442, 43, 706767, 414),
(1443, 28, 818059, 379),
(1444, 8, 706767, 216),
(1445, 24, 702349, 156),
(1446, 35, 706767, 81),
(1447, 37, 502956, 35),
(1448, 32, 706767, 389),
(1450, 16, 366308, 32),
(1451, 30, 702349, 388),
(1452, 38, 706767, 297),
(1453, 36, 706767, 510),
(1454, 11, 366308, 6),
(1455, 45, 120570, 318),
(1456, 23, 706767, 306),
(1457, 23, 194489, 0),
(1458, 30, 702349, 412),
(1459, 37, 706767, 535),
(1460, 11, 366308, 174),
(1461, 22, 366308, 8),
(1462, 28, 120570, 393),
(1463, 44, 706767, 468),
(1464, 30, 706767, 408),
(1465, 40, 503446, 39),
(1466, 22, 366308, 188),
(1467, 5, 706767, 192),
(1468, 14, 925895, 325),
(1469, 30, 706767, 416),
(1470, 2, 366308, 0),
(1471, 24, 925895, 138),
(1472, 30, 503446, 400),
(1473, 30, 503446, 400),
(1474, 30, 503446, 400),
(1475, 30, 503446, 400),
(1476, 30, 503446, 400),
(1477, 30, 503446, 400),
(1478, 30, 503446, 400),
(1479, 30, 503446, 400),
(1480, 43, 507514, 17),
(1481, 30, 503446, 400),
(1482, 30, 503446, 400),
(1483, 30, 503446, 400),
(1484, 30, 503446, 400),
(1485, 30, 503446, 400),
(1486, 30, 503446, 400),
(1487, 30, 503446, 400),
(1488, 30, 503446, 400),
(1489, 30, 503446, 400),
(1490, 30, 503446, 400),
(1491, 30, 503446, 400),
(1492, 30, 503446, 400),
(1493, 30, 503446, 400),
(1494, 30, 503446, 400),
(1495, 30, 503446, 400),
(1496, 30, 503446, 400),
(1497, 30, 503446, 400),
(1498, 30, 503446, 400),
(1499, 30, 503446, 400),
(1500, 30, 503446, 400),
(1501, 30, 503446, 400),
(1502, 30, 503446, 400),
(1503, 30, 503446, 400),
(1504, 30, 503446, 400),
(1505, 30, 503446, 400),
(1506, 30, 503446, 400),
(1507, 30, 503446, 400),
(1508, 27, 365795, 296),
(1509, 30, 503446, 400),
(1510, 30, 503446, 400),
(1511, 12, 366308, 138),
(1512, 31, 494970, 188),
(1513, 12, 366308, 314),
(1514, 9, 365795, 132),
(1515, 33, 821087, 29),
(1516, 22, 366308, 128),
(1517, 18, 192360, 205),
(1518, 15, 721176, 26),
(1519, 27, 821087, 62),
(1520, 26, 365795, 358),
(1521, 9, 889437, 12),
(1522, 30, 494970, 348),
(1523, 41, 366308, 114),
(1524, 24, 494970, 12),
(1525, 33, 365795, 17),
(1526, 9, 889437, 346),
(1527, 15, 721176, 26),
(1528, 2, 192360, 112),
(1529, 41, 366308, 114),
(1530, 29, 889437, 345),
(1531, 34, 192360, 232),
(1532, 46, 494970, 0),
(1533, 43, 365795, 5),
(1534, 27, 365795, 299),
(1535, 26, 889437, 372),
(1536, 7, 311000, 82),
(1537, 34, 889437, 239),
(1538, 29, 889437, 347),
(1539, 42, 365795, 227),
(1540, 7, 311000, 0),
(1541, 10, 575183, 72),
(1542, 2, 365795, 0),
(1543, 39, 575183, 20),
(1544, 40, 365795, 9),
(1545, 43, 575183, 233),
(1546, 10, 365795, 0),
(1548, 3, 365795, 248),
(1549, 6, 543013, 12),
(1550, 6, 543013, 0),
(1551, 43, 365795, 40),
(1552, 1, 134153, 30),
(1553, 15, 365795, 158),
(1554, 9, 569495, 12),
(1555, 41, 365795, 288),
(1556, 11, 213009, 174),
(1557, 42, 416771, 163),
(1558, 44, 416771, 308),
(1559, 34, 416771, 226),
(1560, 26, 416771, 195),
(1561, 38, 664977, 60),
(1562, 30, 416771, 415),
(1563, 23, 416771, 308),
(1564, 41, 644735, 60),
(1565, 38, 664977, 6),
(1566, 21, 939109, 0),
(1567, 39, 416771, 246),
(1568, 6, 315199, 102),
(1569, 10, 664977, 54),
(1570, 21, 939109, 0),
(1571, 2, 416771, 0),
(1572, 3, 315199, 24),
(1573, 35, 664977, 75),
(1574, 42, 416771, 58),
(1575, 34, 416771, 243),
(1576, 27, 416771, 270),
(1577, 44, 664977, 22),
(1578, 35, 628623, 0),
(1580, 45, 555903, 330),
(1581, 6, 555903, 204),
(1582, 41, 220498, 289),
(1583, 41, 555903, 12),
(1584, 34, 220498, 237),
(1585, 1, 677433, 108),
(1586, 3, 555903, 302),
(1587, 40, 220498, 54),
(1588, 39, 881572, 20),
(1589, 17, 881572, 38),
(1590, 36, 881572, 34),
(1591, 3, 129450, 315),
(1592, 5, 129450, 200),
(1593, 32, 881572, 198),
(1594, 32, 881572, 383),
(1595, 46, 881572, 444),
(1596, 34, 881572, 7),
(1597, 31, 881572, 211),
(1598, 32, 881572, 386),
(1599, 4, 881572, 120),
(1600, 38, 881572, 0),
(1601, 30, 881572, 414),
(1602, 31, 881572, 212),
(1603, 32, 881572, 389),
(1604, 4, 913851, 307),
(1605, 5, 881572, 194),
(1606, 9, 913851, 42),
(1607, 15, 913851, 201),
(1608, 30, 913851, 415),
(1609, 8, 913851, 82),
(1610, 19, 913851, 145),
(1611, 45, 134601, 464),
(1612, 16, 134601, 394),
(1613, 35, 913851, 5),
(1614, 30, 913851, 418),
(1615, 15, 134601, 358),
(1616, 9, 134601, 318),
(1617, 2, 913851, 130),
(1618, 5, 134601, 218),
(1619, 5, 134601, 218),
(1620, 31, 633163, 195),
(1621, 28, 134601, 402),
(1622, 1, 112775, 0),
(1623, 23, 633163, 0),
(1624, 34, 134601, 230),
(1625, 1, 112775, 6),
(1626, 37, 134601, 547),
(1627, 32, 129377, 387),
(1628, 46, 134601, 60),
(1629, 35, 129377, 174),
(1630, 1, 638818, 30),
(1631, 24, 134601, 228),
(1632, 25, 543599, 7),
(1633, 39, 543599, 2),
(1634, 1, 543599, 144),
(1635, 1, 543599, 285),
(1636, 46, 543599, 24),
(1637, 28, 543599, 399),
(1638, 6, 543599, 234),
(1639, 34, 845907, 63),
(1640, 19, 644802, 138),
(1641, 10, 845907, 6),
(1642, 10, 845907, 204),
(1643, 37, 845907, 40),
(1644, 10, 148334, 48),
(1645, 43, 845907, 134),
(1646, 18, 568590, 54),
(1647, 45, 666100, 18),
(1648, 30, 845907, 28),
(1649, 18, 568590, 202),
(1650, 24, 592612, 12),
(1651, 30, 845907, 382),
(1652, 6, 568590, 84),
(1653, 45, 568590, 378),
(1654, 7, 845907, 69),
(1655, 26, 362442, 169),
(1656, 4, 568590, 417),
(1657, 26, 362442, 151),
(1658, 33, 568590, 420),
(1659, 12, 845907, 36),
(1660, 46, 362442, 0),
(1661, 31, 362442, 210),
(1662, 37, 362442, 46),
(1663, 44, 845907, 188),
(1664, 45, 362442, 0),
(1665, 44, 845907, 456),
(1666, 1, 362442, 0),
(1667, 10, 362442, 462),
(1668, 27, 549723, 283),
(1669, 13, 362442, 18),
(1670, 6, 549723, 12),
(1671, 12, 362442, 144),
(1672, 18, 845907, 22),
(1673, 27, 362442, 280),
(1674, 6, 549723, 475),
(1675, 32, 362442, 52),
(1676, 8, 549723, 0),
(1677, 35, 728135, 198),
(1678, 12, 362442, 307),
(1679, 8, 549723, 194),
(1680, 19, 362442, 26),
(1681, 35, 728135, 261),
(1682, 14, 326135, 250),
(1683, 46, 549723, 210),
(1684, 29, 362442, 233),
(1685, 18, 845907, 0),
(1686, 35, 728135, 265),
(1687, 12, 362442, 314),
(1688, 46, 549723, 454),
(1689, 14, 326135, 114),
(1690, 38, 728135, 258),
(1691, 7, 362442, 219),
(1692, 2, 549723, 222),
(1693, 14, 326135, 0),
(1694, 3, 506575, 188),
(1695, 40, 362442, 353),
(1696, 14, 326135, 349),
(1697, 2, 549723, 264),
(1698, 30, 362442, 406),
(1700, 36, 506575, 63),
(1701, 4, 326135, 76),
(1702, 39, 362442, 166),
(1703, 37, 506575, 0),
(1704, 4, 326135, 151),
(1705, 17, 326135, 0),
(1706, 44, 362442, 388),
(1707, 37, 506575, 80),
(1708, 21, 362442, 50),
(1709, 17, 326135, 96),
(1710, 42, 506575, 198),
(1711, 23, 248050, 174),
(1712, 22, 506575, 22),
(1713, 35, 362442, 168),
(1714, 16, 326135, 0),
(1716, 23, 362442, 270),
(1717, 28, 326135, 110),
(1718, 14, 362442, 169),
(1719, 2, 506575, 262),
(1720, 28, 326135, 378),
(1721, 15, 887305, 95),
(1722, 28, 326135, 379),
(1723, 18, 362442, 28),
(1724, 12, 506575, 84),
(1725, 40, 887305, 39),
(1726, 33, 362442, 23),
(1727, 17, 506575, 237),
(1728, 16, 326135, 1),
(1729, 40, 887305, 177),
(1730, 18, 506575, 168),
(1731, 42, 326135, 0),
(1733, 9, 887305, 361),
(1734, 10, 506575, 458),
(1735, 34, 845907, 44),
(1736, 42, 326135, 327),
(1737, 20, 362442, 30),
(1738, 7, 887305, 240),
(1739, 35, 506575, 268),
(1740, 34, 845907, 132),
(1741, 21, 887305, 0),
(1742, 34, 506575, 231),
(1743, 21, 326135, 6),
(1744, 1, 362442, 54),
(1745, 31, 887305, 214),
(1746, 28, 326135, 399),
(1747, 21, 506575, 0),
(1748, 21, 362442, 116),
(1749, 5, 326135, 192),
(1750, 2, 887305, 98),
(1751, 40, 506575, 0),
(1752, 6, 362442, 126),
(1753, 21, 887305, 0),
(1754, 15, 326135, 0),
(1755, 14, 506575, 369),
(1756, 38, 362442, 228),
(1757, 3, 887305, 70),
(1758, 33, 506575, 0),
(1759, 20, 887305, 0),
(1760, 11, 362442, 258),
(1761, 5, 189296, 94),
(1762, 14, 506575, 367),
(1763, 18, 887305, 148),
(1764, 26, 362442, 344),
(1765, 30, 887305, 413),
(1766, 23, 339177, 78),
(1767, 19, 189296, 1),
(1768, 21, 887305, 0),
(1769, 23, 362442, 301),
(1770, 23, 339177, 290),
(1771, 26, 887305, 27),
(1772, 10, 362442, 474),
(1773, 23, 339177, 271),
(1774, 14, 887305, 132),
(1775, 25, 887305, 20),
(1776, 37, 573073, 52),
(1777, 46, 887305, 198),
(1778, 11, 863309, 306),
(1779, 5, 887305, 185),
(1780, 11, 863309, 290),
(1781, 28, 887305, 387),
(1782, 8, 863309, 32),
(1783, 6, 754480, 480),
(1784, 14, 754480, 369),
(1785, 14, 754480, 378),
(1786, 20, 794517, 0),
(1787, 30, 754480, 411),
(1788, 26, 679862, 244),
(1789, 20, 794517, 76),
(1790, 20, 794517, 0),
(1791, 26, 679862, 45),
(1792, 20, 794517, 0),
(1793, 26, 679862, 324),
(1794, 20, 794517, 155),
(1795, 8, 679862, 2),
(1796, 45, 995957, 390),
(1797, 31, 497516, 203),
(1798, 31, 497516, 0),
(1799, 22, 679862, 48),
(1800, 40, 995957, 213),
(1801, 18, 460122, 74),
(1802, 31, 497516, 190),
(1803, 31, 497516, 152),
(1804, 10, 995957, 42),
(1805, 31, 497516, 169),
(1806, 36, 995957, 373),
(1807, 31, 497516, 146),
(1808, 19, 995957, 175),
(1809, 17, 863309, 250),
(1810, 44, 995957, 388),
(1811, 11, 863309, 0),
(1812, 1, 995957, 60),
(1813, 6, 863309, 198),
(1814, 26, 863309, 26),
(1815, 39, 995957, 120),
(1816, 15, 995957, 119),
(1817, 30, 616285, 404),
(1818, 28, 616285, 58),
(1819, 30, 616285, 412),
(1820, 4, 863309, 170),
(1821, 19, 616285, 213),
(1822, 32, 616285, 98),
(1823, 13, 616285, 30),
(1824, 44, 602270, 308),
(1825, 41, 602270, 282),
(1826, 14, 712249, 44),
(1827, 35, 500016, 298),
(1828, 31, 500016, 214),
(1829, 44, 380284, 16),
(1830, 9, 140366, 6),
(1831, 11, 140366, 286),
(1832, 46, 322676, 60),
(1833, 45, 529275, 372),
(1834, 15, 369714, 26),
(1835, 23, 450129, 12),
(1836, 10, 450129, 36),
(1837, 22, 450129, 0),
(1838, 3, 450129, 0),
(1839, 43, 450129, 0),
(1840, 5, 549253, 68),
(1841, 2, 450129, 0),
(1842, 5, 549253, 0),
(1843, 29, 450129, 17),
(1844, 29, 549253, 40),
(1845, 29, 450129, 303),
(1846, 18, 549253, 0),
(1847, 31, 810713, 210),
(1848, 18, 549253, 36),
(1849, 31, 810713, 210),
(1850, 23, 810713, 72),
(1851, 19, 549253, 13),
(1852, 34, 810713, 2),
(1853, 21, 549253, 50),
(1854, 11, 810713, 0),
(1855, 17, 549253, 138),
(1856, 25, 810713, 0),
(1857, 41, 810713, 288),
(1858, 26, 549253, 145),
(1859, 23, 549253, 174),
(1860, 38, 507642, 144),
(1861, 27, 810713, 38),
(1862, 39, 549253, 0),
(1863, 27, 163907, 0),
(1864, 5, 549253, 22),
(1865, 27, 163907, 0),
(1866, 39, 549253, 528),
(1867, 2, 549253, 116),
(1868, 9, 549253, 78),
(1869, 1, 549253, 90),
(1870, 35, 549253, 122),
(1871, 22, 549253, 88),
(1872, 5, 549253, 2),
(1873, 5, 549253, 148),
(1874, 17, 549253, 1),
(1875, 42, 549253, 356),
(1876, 21, 329619, 0),
(1877, 26, 549253, 0),
(1878, 29, 549253, 303),
(1879, 32, 549253, 81),
(1880, 6, 549253, 24),
(1881, 3, 771034, 314),
(1882, 26, 549253, 0),
(1883, 33, 667837, 28),
(1884, 31, 549253, 211),
(1885, 9, 158729, 355),
(1886, 15, 667837, 14),
(1887, 16, 158729, 76),
(1888, 40, 549253, 189),
(1889, 1, 667837, 90),
(1890, 2, 560547, 242),
(1891, 14, 549253, 269),
(1892, 33, 667837, 17),
(1893, 33, 158729, 233),
(1894, 5, 667837, 36),
(1895, 19, 158729, 194),
(1896, 11, 667837, 0),
(1897, 27, 158729, 293),
(1898, 24, 376084, 6),
(1899, 26, 667837, 195),
(1900, 9, 393968, 18),
(1901, 27, 158729, 285),
(1902, 23, 887656, 48),
(1903, 28, 667837, 397),
(1904, 17, 376084, 1),
(1905, 24, 667837, 216),
(1906, 20, 262362, 0),
(1907, 11, 376084, 0),
(1908, 12, 626545, 258),
(1909, 12, 158729, 228),
(1910, 32, 667837, 10),
(1911, 8, 536939, 62),
(1912, 32, 158729, 379),
(1913, 26, 262362, 373),
(1914, 9, 667837, 252),
(1915, 29, 376084, 93),
(1916, 4, 536939, 95),
(1917, 37, 158729, 526),
(1918, 36, 262362, 320),
(1919, 30, 158729, 410),
(1920, 45, 376084, 6),
(1921, 42, 262362, 339),
(1922, 27, 718396, 0),
(1923, 34, 262362, 231),
(1924, 34, 262362, 242),
(1925, 31, 421653, 214),
(1926, 15, 376084, 0),
(1927, 28, 412615, 394),
(1928, 9, 262362, 288),
(1929, 37, 421653, 0),
(1930, 22, 262362, 162),
(1931, 42, 721099, 169),
(1932, 22, 421653, 82),
(1933, 31, 421653, 217),
(1934, 44, 376084, 548),
(1935, 27, 262362, 290),
(1936, 24, 376084, 96),
(1937, 42, 421653, 5),
(1938, 32, 262362, 256),
(1939, 14, 412615, 13),
(1940, 40, 421653, 346),
(1941, 5, 262362, 176),
(1942, 43, 314902, 0),
(1943, 32, 412615, 15),
(1944, 11, 421653, 6),
(1945, 9, 262362, 348),
(1946, 30, 262362, 417),
(1947, 10, 314902, 36),
(1948, 25, 421653, 51),
(1949, 14, 262362, 394),
(1950, 14, 262362, 378),
(1951, 46, 314902, 102),
(1952, 27, 262362, 303),
(1953, 43, 751067, 17),
(1954, 36, 314902, 0),
(1955, 14, 314902, 82),
(1956, 15, 751067, 226),
(1957, 42, 262362, 355),
(1958, 29, 314902, 364),
(1959, 20, 412615, 0),
(1960, 28, 262362, 402),
(1961, 13, 751067, 66),
(1962, 20, 314902, 32),
(1963, 13, 751067, 36),
(1964, 37, 314902, 27),
(1965, 36, 751067, 0),
(1966, 36, 314902, 0),
(1967, 5, 262362, 206),
(1968, 24, 314902, 66),
(1969, 8, 751067, 168),
(1970, 18, 262362, 191),
(1971, 32, 314902, 98),
(1972, 44, 513756, 234),
(1973, 14, 262362, 395),
(1974, 39, 751067, 458),
(1975, 35, 314902, 0),
(1976, 31, 262362, 194),
(1977, 29, 751067, 250),
(1978, 27, 262362, 304),
(1979, 3, 262362, 325),
(1980, 16, 751067, 232),
(1981, 19, 641452, 300),
(1982, 6, 262362, 482),
(1983, 30, 262362, 420),
(1984, 19, 641452, 107),
(1985, 28, 154231, 404),
(1986, 14, 154231, 397),
(1987, 30, 154231, 421),
(1988, 10, 208206, 0),
(1989, 31, 154231, 212),
(1991, 3, 154231, 324),
(1992, 19, 641452, 220),
(1993, 25, 154231, 300),
(1994, 19, 641452, 133),
(1995, 29, 468035, 345),
(1996, 1, 971252, 150),
(1997, 24, 260181, 30),
(1998, 19, 641452, 121),
(1999, 19, 641452, 316),
(2000, 16, 641452, 7),
(2001, 42, 522772, 52),
(2002, 34, 405238, 57),
(2003, 11, 405238, 0),
(2004, 17, 405238, 69),
(2005, 12, 405238, 138),
(2006, 28, 818638, 385),
(2007, 28, 818638, 387),
(2008, 28, 818638, 0),
(2009, 3, 745582, 22),
(2010, 3, 745582, 0),
(2011, 33, 639234, 35),
(2012, 15, 565540, 88),
(2013, 22, 356949, 202),
(2014, 17, 356949, 126),
(2015, 5, 525543, 0),
(2016, 11, 435747, 6),
(2017, 10, 435747, 455),
(2018, 24, 435747, 102),
(2019, 22, 435747, 196),
(2020, 20, 901094, 10),
(2021, 9, 435747, 348),
(2022, 10, 435747, 470),
(2023, 19, 435747, 132),
(2024, 29, 435747, 11),
(2025, 42, 435747, 358),
(2026, 44, 435747, 342),
(2027, 36, 435747, 396),
(2028, 31, 652662, 207),
(2029, 26, 301973, 44),
(2030, 35, 262316, 17),
(2031, 13, 754198, 6),
(2032, 35, 262316, 257),
(2033, 35, 262316, 274),
(2034, 15, 622615, 377),
(2035, 12, 262316, 30),
(2036, 42, 638401, 58),
(2037, 35, 622615, 34),
(2038, 22, 638401, 134),
(2039, 45, 262316, 12),
(2040, 35, 622615, 34),
(2041, 41, 638401, 290),
(2042, 45, 262316, 432),
(2043, 35, 622615, 255),
(2044, 25, 638401, 13),
(2045, 38, 262316, 198),
(2046, 37, 622615, 535),
(2047, 38, 262316, 304),
(2048, 37, 622615, 519),
(2049, 37, 622615, 520),
(2050, 2, 262316, 0),
(2051, 5, 622615, 42),
(2052, 9, 320191, 114),
(2053, 9, 320191, 96),
(2054, 9, 320191, 0),
(2055, 46, 320191, 6),
(2056, 8, 320191, 122),
(2057, 42, 320191, 23),
(2058, 18, 662689, 88),
(2059, 37, 662689, 86),
(2060, 40, 227828, 3),
(2061, 7, 227828, 95),
(2062, 13, 227828, 6),
(2063, 25, 227828, 189),
(2064, 6, 227828, 354),
(2065, 6, 227828, 476),
(2066, 41, 798836, 36),
(2067, 19, 184094, 119),
(2068, 8, 184094, 0),
(2069, 39, 184094, 72),
(2070, 40, 184094, 324),
(2071, 27, 184094, 281),
(2072, 40, 463686, 0),
(2073, 2, 184094, 0),
(2074, 21, 184094, 0),
(2075, 16, 184094, 0),
(2076, 16, 184094, 264),
(2077, 8, 184094, 195),
(2078, 35, 184094, 86),
(2079, 29, 184094, 0),
(2080, 45, 896556, 0),
(2081, 15, 702156, 32),
(2082, 36, 702156, 499),
(2083, 41, 702156, 228),
(2084, 34, 702156, 213),
(2085, 30, 702156, 411),
(2086, 22, 702156, 94),
(2087, 39, 777954, 94),
(2088, 22, 777954, 94),
(2089, 11, 777954, 298),
(2090, 40, 384069, 174),
(2091, 21, 513043, 30),
(2092, 40, 384069, 342),
(2093, 21, 513043, 0),
(2094, 30, 513043, 415),
(2095, 31, 331902, 216),
(2096, 22, 665223, 134),
(2097, 11, 323994, 12),
(2098, 26, 323994, 219),
(2099, 6, 323994, 204),
(2100, 16, 323994, 26),
(2101, 37, 691803, 525),
(2102, 10, 691803, 457),
(2103, 29, 991649, 87),
(2104, 9, 851213, 18),
(2105, 4, 689881, 415),
(2106, 18, 691803, 154),
(2107, 17, 623368, 259),
(2108, 15, 623368, 391),
(2109, 5, 691803, 174),
(2110, 18, 691803, 0),
(2111, 34, 691803, 144),
(2112, 9, 747585, 234),
(2113, 9, 747585, 42),
(2114, 24, 747585, 204),
(2115, 45, 747585, 18),
(2116, 33, 747585, 17),
(2117, 35, 747585, 116),
(2118, 37, 953219, 34),
(2119, 15, 953219, 15),
(2120, 25, 985347, 14),
(2121, 5, 985347, 64),
(2122, 42, 985347, 309),
(2123, 16, 985347, 263),
(2124, 23, 985347, 162),
(2125, 6, 985347, 480),
(2126, 19, 985347, 0),
(2127, 10, 985347, 425),
(2128, 9, 985347, 228),
(2129, 20, 985347, 58),
(2130, 15, 985347, 164),
(2131, 41, 985347, 66),
(2132, 9, 985347, 288),
(2133, 31, 985347, 212),
(2134, 5, 985347, 200),
(2135, 46, 985347, 0),
(2136, 15, 985347, 0),
(2137, 31, 985347, 208),
(2138, 38, 985347, 102),
(2139, 12, 985347, 264),
(2140, 46, 985347, 108),
(2141, 37, 985347, 197),
(2142, 2, 985347, 66),
(2143, 17, 193004, 14),
(2144, 42, 193004, 46),
(2145, 19, 193004, 384),
(2146, 8, 193004, 122),
(2147, 20, 193004, 84),
(2148, 25, 193004, 0),
(2149, 24, 193004, 126),
(2150, 5, 193004, 150),
(2151, 19, 193004, 364),
(2152, 17, 193004, 207),
(2153, 10, 193004, 482),
(2154, 30, 193004, 410),
(2155, 2, 193004, 162),
(2156, 26, 193004, 139),
(2157, 13, 193004, 192),
(2158, 14, 193004, 245),
(2159, 22, 193004, 142),
(2160, 24, 193004, 198),
(2161, 13, 193004, 162),
(2162, 7, 193004, 157),
(2163, 28, 193004, 382),
(2165, 32, 193004, 81),
(2166, 34, 193004, 238),
(2167, 29, 193004, 151),
(2168, 14, 193004, 385),
(2169, 13, 193004, 96),
(2170, 18, 193004, 192),
(2171, 17, 193004, 7),
(2172, 42, 193004, 104),
(2173, 37, 663544, 539),
(2174, 37, 663544, 487),
(2175, 4, 663544, 114),
(2176, 4, 663544, 89),
(2177, 4, 946743, 69),
(2178, 33, 613765, 93),
(2179, 4, 663544, 59),
(2180, 33, 613765, 0),
(2181, 4, 946743, 51),
(2182, 4, 663544, 0),
(2183, 28, 663544, 397),
(2184, 19, 454259, 369),
(2185, 4, 946743, 89),
(2186, 28, 454259, 400),
(2187, 32, 663544, 40),
(2188, 28, 454259, 364),
(2189, 4, 946743, 308),
(2190, 13, 454259, 0),
(2191, 23, 454259, 294),
(2192, 4, 946743, 271),
(2193, 23, 454259, 299),
(2194, 1, 385638, 78),
(2195, 4, 454259, 380),
(2196, 4, 454259, 400),
(2197, 30, 454259, 416),
(2198, 15, 474203, 372),
(2199, 24, 474203, 204),
(2200, 24, 474203, 296),
(2201, 16, 474203, 7),
(2202, 16, 474203, 381),
(2203, 16, 775066, 0),
(2204, 16, 577953, 45),
(2205, 28, 544053, 395),
(2206, 4, 544053, 213),
(2207, 9, 544053, 102),
(2208, 45, 658454, 330),
(2209, 45, 658454, 180),
(2210, 24, 543981, 289),
(2211, 24, 543981, 0),
(2212, 24, 543981, 287),
(2213, 24, 543981, 276),
(2214, 42, 543981, 227),
(2215, 22, 543981, 28),
(2216, 22, 543981, 201),
(2217, 8, 543981, 82),
(2218, 23, 926107, 216),
(2219, 5, 926107, 0),
(2220, 18, 621944, 8),
(2221, 34, 622615, 119),
(2222, 34, 622615, 26),
(2223, 34, 622615, 89),
(2224, 34, 622615, 205),
(2225, 25, 622615, 150),
(2226, 7, 622615, 1),
(2227, 7, 622615, 0),
(2228, 35, 938481, 5),
(2229, 36, 622615, 0),
(2230, 2, 404150, 28),
(2231, 27, 622615, 240),
(2232, 11, 625326, 174),
(2233, 42, 494500, 362),
(2234, 26, 494500, 7),
(2235, 6, 915597, 6),
(2236, 35, 494500, 293),
(2237, 38, 915597, 307),
(2238, 36, 915597, 472),
(2239, 46, 494500, 264),
(2240, 46, 494500, 457),
(2241, 44, 915597, 16),
(2242, 45, 494500, 470),
(2244, 13, 494500, 276),
(2245, 24, 494500, 240),
(2246, 12, 494500, 283),
(2247, 29, 494500, 11),
(2248, 22, 494500, 195),
(2249, 30, 494500, 416),
(2250, 37, 494500, 522),
(2251, 1, 494500, 289),
(2252, 3, 494500, 322),
(2253, 1, 273510, 84),
(2254, 1, 273510, 60),
(2255, 42, 494500, 362),
(2256, 5, 494500, 191),
(2257, 1, 273510, 78),
(2258, 14, 494500, 390),
(2259, 1, 273510, 12),
(2260, 1, 273510, 108),
(2261, 34, 737597, 175),
(2262, 42, 111613, 93),
(2263, 32, 737597, 392),
(2264, 42, 111613, 309),
(2265, 22, 111613, 134),
(2266, 17, 111613, 188),
(2267, 45, 111613, 36),
(2268, 19, 111613, 238),
(2269, 23, 111613, 300),
(2270, 24, 111613, 48),
(2271, 20, 111613, 102);

-- --------------------------------------------------------

--
-- Tablo için tablo yapısı `tbl_section`
--

CREATE TABLE IF NOT EXISTS `tbl_section` (
  `id` int(11) NOT NULL AUTO_INCREMENT,
  `section_no` int(11) NOT NULL,
  `difficulty_level` tinyint(4) NOT NULL DEFAULT '1',
  `needed_time` smallint(6) NOT NULL,
  `score_constant` double NOT NULL,
  `base_score` mediumint(9) NOT NULL,
  `description` varchar(256) CHARACTER SET latin5 DEFAULT NULL,
  `question_count` tinyint(4) NOT NULL,
  `pass_count` tinyint(4) NOT NULL DEFAULT '1',
  PRIMARY KEY (`id`)
) ENGINE=MyISAM  DEFAULT CHARSET=utf8 AUTO_INCREMENT=52 ;

--
-- Tablo döküm verisi `tbl_section`
--

INSERT INTO `tbl_section` (`id`, `section_no`, `difficulty_level`, `needed_time`, `score_constant`, `base_score`, `description`, `question_count`, `pass_count`) VALUES
(1, 4, 1, 40, 25, 0, 'Asağıdaki ülkeleri bulundukları kıtalarına göre gruplayınız.', 16, 2),
(2, 1, 1, 35, 30, 0, 'Asağıdaki ülkeleri bulundukları kıtalarına göre gruplayınız.', 10, 1),
(3, 2, 1, 40, 20, 0, 'Aşağıdaki ülkeler hangi yarım kürede bulunur?', 16, 2),
(4, 3, 1, 40, 20, 0, 'Aşağıda verilen ilçe isimlerinin hangi ile ait olduğunu seçiniz.', 15, 2),
(5, 5, 1, 30, 20, 0, 'Aşağıda verilen ilçe isimlerinin hangi ile ait olduğunu seçiniz.', 10, 2),
(6, 6, 1, 30, 30, 0, 'Aşağıda verilen yiyecekler meyve mi yoksa sebze midir?', 16, 2),
(7, 9, 1, 30, 30, 0, 'Aşağıda verilen çalgı türlerini gruplayınız.', 12, 2),
(8, 8, 1, 30, 20, 0, 'Aşağıdaki şehirlerin plaka kodlarını tek/çift olarak ayırınız.', 10, 1),
(29, 24, 1, 20, 30, 0, 'Aşağıdaki takımları bulunduğu liglere göre gruplayınız?', 10, 1),
(28, 23, 1, 20, 30, 0, 'Aşağıdaki takımları bulunduğu liglere göre gruplayınız?', 10, 2),
(11, 7, 1, 30, 25, 0, 'Aşağıdaki şehirlerin plaka kodlarını tek/çift olarak ayırınız.', 10, 1),
(14, 10, 1, 60, 30, 0, 'Aşağıdaki hayvanları üreme şekillerine göre gruplayınız', 15, 1),
(15, 11, 1, 35, 30, 0, 'Asağıdaki ülkeleri bulundukları kıtalarına göre gruplayınız.', 10, 3),
(27, 22, 1, 25, 20, 0, 'Aşağıda verilen çalgı türlerini gruplayınız.', 10, 1),
(17, 12, 1, 40, 30, 0, 'Asağıdaki ülkeleri bulundukları kıtalarına göre gruplayınız.', 10, 1),
(18, 13, 1, 40, 30, 0, 'Aşağıdaki ülkeler hangi yarım kürede bulunur?', 16, 2),
(19, 14, 1, 35, 25, 0, 'Aşağıda verilen ilçe isimlerinin hangi ile ait olduğunu seçiniz.', 15, 2),
(20, 15, 1, 40, 25, 0, 'Asağıdaki ülkeleri bulundukları kıtalarına göre gruplayınız.', 15, 1),
(21, 16, 1, 40, 25, 0, 'Asağıdaki ülkeleri bulundukları kıtalarına göre gruplayınız.', 15, 1),
(22, 17, 1, 30, 25, 0, 'Aşağıda verilen ilçe isimlerinin hangi ile ait olduğunu seçiniz.', 10, 1),
(23, 18, 1, 30, 20, 0, 'Aşağıda verilen ilçe isimlerinin hangi ile ait olduğunu seçiniz.', 10, 1),
(24, 19, 1, 30, 25, 0, 'Aşağıda verilen yiyecekler meyve mi yoksa sebze midir?', 15, 2),
(25, 20, 1, 30, 20, 0, 'Aşağıdaki şehirlerin plaka kodlarını tek/çift olarak ayırınız.', 10, 1),
(26, 21, 1, 30, 20, 0, 'Aşağıdaki şehirlerin plaka kodlarını tek/çift olarak ayırınız.', 10, 1),
(30, 25, 1, 35, 25, 0, 'Aşağıda verilen araç modelleri hangi markaya aittir?', 12, 2),
(31, 26, 1, 40, 25, 0, 'Aşağıda verilen araç modelleri hangi markaya aittir?', 14, 2),
(32, 27, 1, 30, 40, 0, 'Aşağıda verilen araç modelleri hangi markaya aittir?', 7, 1),
(33, 28, 1, 30, 35, 0, 'Aşağıda verilen spor terimleri hangi branşa aittir?', 11, 2),
(34, 29, 1, 30, 35, 0, 'Aşağıda verilen spor terimleri hangi branşa aittir?', 10, 1),
(35, 30, 1, 30, 40, 0, 'Aşağıdaki aksesuar/kıyafetleri genellikle hangi cinsiyet kullanır?', 10, 1),
(36, 31, 1, 30, 20, 0, 'Aşağıda verilen içecekler nasıl tüketilir?', 10, 1),
(37, 32, 1, 33, 35, 0, 'Aşağıda verilen birimleri kullanım alanlarına göre ayırınız', 11, 2),
(38, 33, 1, 35, 35, 0, 'Aşağıda verilen birimleri kullanım alanlarına göre ayırınız', 12, 2),
(39, 34, 1, 30, 25, 0, 'Aşağıda verilen kelimelerin kökeni hangi dildir?', 9, 1),
(40, 35, 1, 35, 35, 0, 'Aşağıda verilen kelimelerin kökeni hangi dildir?', 8, 1),
(41, 36, 1, 40, 35, 0, 'Aşağıda verilen hayvanları beslenme şekline göre ayırınız ', 14, 1),
(42, 37, 1, 40, 35, 0, 'Aşağıda ismi verilen sporcular hangi sporu yapmaktadır?', 15, 2),
(43, 38, 1, 30, 30, 0, 'Aşağıdaki ülkelerin hangi denize kıyısı vardır?', 10, 1),
(44, 39, 1, 60, 50, 0, 'Aşağıdaki verilen kitaplar hangi yazara aittir', 10, 3),
(45, 40, 1, 40, 45, 0, 'Aşağıdaki klasik eserler hangi sanatçıya aittir?', 8, 2),
(46, 41, 1, 30, 30, 0, 'Aşağıda verilen oyuncular hangi dizide oynamıştır?', 10, 1),
(47, 42, 1, 30, 35, 0, 'Aşağıda verilen oyuncular hangi dizide oynamıştır?', 10, 1),
(48, 43, 1, 35, 35, 0, 'Aşağıda verilen oyunlar hangi kategoriye aittir', 12, 2),
(49, 44, 1, 40, 40, 0, 'Aşağıda verilen filmler hangi kategoriye aittir?', 15, 2),
(50, 45, 1, 40, 30, 0, 'Aşağıda verilen filmler hangi kategoriye aittir?', 15, 2),
(51, 46, 1, 40, 30, 0, 'Aşağıda verilen filmler hangi kategoriye aittir?', 15, 2);

-- --------------------------------------------------------

--
-- Tablo için tablo yapısı `tbl_user`
--

CREATE TABLE IF NOT EXISTS `tbl_user` (
  `id` int(11) NOT NULL AUTO_INCREMENT,
  `nickname` varchar(25) CHARACTER SET latin5 NOT NULL,
  `score` mediumint(9) NOT NULL,
  `section_id` int(11) NOT NULL,
  PRIMARY KEY (`id`)
) ENGINE=MyISAM DEFAULT CHARSET=utf8 AUTO_INCREMENT=1 ;

/*!40101 SET CHARACTER_SET_CLIENT=@OLD_CHARACTER_SET_CLIENT */;
/*!40101 SET CHARACTER_SET_RESULTS=@OLD_CHARACTER_SET_RESULTS */;
/*!40101 SET COLLATION_CONNECTION=@OLD_COLLATION_CONNECTION */;
