-- phpMyAdmin SQL Dump
-- version 4.0.10deb1
-- http://www.phpmyadmin.net
--
-- Anamakine: localhost
-- Üretim Zamanı: 08 Oca 2016, 09:55:50
-- Sunucu sürümü: 5.5.46-0ubuntu0.14.04.2
-- PHP Sürümü: 5.5.9-1ubuntu4.13

SET SQL_MODE = "NO_AUTO_VALUE_ON_ZERO";
SET time_zone = "+00:00";


/*!40101 SET @OLD_CHARACTER_SET_CLIENT=@@CHARACTER_SET_CLIENT */;
/*!40101 SET @OLD_CHARACTER_SET_RESULTS=@@CHARACTER_SET_RESULTS */;
/*!40101 SET @OLD_COLLATION_CONNECTION=@@COLLATION_CONNECTION */;
/*!40101 SET NAMES utf8 */;

--
-- Veritabanı: `db_word_game`
--

-- --------------------------------------------------------

--
-- Tablo için tablo yapısı `tbl_answer`
--

CREATE TABLE IF NOT EXISTS `tbl_answer` (
  `id` int(11) NOT NULL AUTO_INCREMENT,
  `text` varchar(25) CHARACTER SET latin5 NOT NULL,
  `section_id` int(11) NOT NULL,
  PRIMARY KEY (`id`)
) ENGINE=MyISAM  DEFAULT CHARSET=utf8 AUTO_INCREMENT=109 ;

--
-- Tablo döküm verisi `tbl_answer`
--

INSERT INTO `tbl_answer` (`id`, `text`, `section_id`) VALUES
(7, 'Amerika', 1),
(8, 'Avrupa', 1),
(9, 'Asya', 2),
(10, 'Afrika', 2),
(11, 'Kuzey', 3),
(12, 'Güney', 3),
(13, 'İstanbul', 4),
(14, 'İzmir', 4),
(15, 'Ankara', 5),
(16, 'Bursa', 5),
(17, 'Sebze', 6),
(18, 'Meyve', 6),
(19, 'Üflemeli', 7),
(20, 'Vurmalı', 7),
(21, 'Tek', 8),
(22, 'Çift', 8),
(62, 'Seria A', 28),
(61, 'La liga', 28),
(60, 'Üflemeli', 27),
(27, 'Tek', 11),
(28, 'Çift', 11),
(29, 'Doğum', 14),
(30, 'Yumurta', 14),
(31, 'Asya', 15),
(32, 'Afrika', 15),
(59, 'Vurmalı', 27),
(35, 'Asya', 17),
(36, 'Afrika', 17),
(37, 'Kuzey', 18),
(38, 'Güney', 18),
(41, 'İstanbul', 19),
(42, 'İzmir', 19),
(43, 'Amerika', 20),
(44, 'Avrupa', 20),
(45, 'Amerika', 21),
(46, 'Avrupa', 21),
(47, 'Ankara', 22),
(48, 'Bursa', 22),
(49, 'Ankara', 23),
(50, 'Bursa', 23),
(51, 'Sebze', 24),
(52, 'Meyve', 24),
(53, 'Çift', 25),
(54, 'Tek', 25),
(55, 'Tek', 26),
(56, 'Çift', 26),
(63, 'Premier L', 29),
(64, 'Bundes L', 29),
(65, 'Honda', 30),
(66, 'Hyundai', 30),
(67, 'Volkswagen', 31),
(68, 'Toyota', 31),
(69, 'BMW', 32),
(70, 'Audi', 32),
(71, 'Futbol', 33),
(72, 'Basketbol', 33),
(73, 'Tenis', 34),
(74, 'Voleybol', 34),
(75, 'Erkek', 35),
(76, 'Bayan', 35),
(77, 'Sıcak', 36),
(78, 'Soğuk', 36),
(79, 'Ağırlık', 37),
(80, 'Hacim', 37),
(81, 'Alan', 38),
(82, 'Uzunluk', 38),
(83, 'Arapça', 39),
(84, 'İngilizce', 39),
(85, 'Fransızca', 40),
(86, 'Farsça', 40),
(87, 'Etçil', 41),
(88, 'Otçul', 41),
(89, 'Futbol', 42),
(90, 'Basketbol', 42),
(91, 'Akdeniz', 43),
(92, 'Karadeniz', 43),
(93, 'Tolstoy', 44),
(94, 'Gogol', 44),
(95, 'Beethoven', 45),
(96, 'Mozart', 45),
(97, 'Ruhsar', 46),
(98, 'Dadı', 46),
(99, 'Medcezir', 47),
(100, 'Ezel', 47),
(101, 'Strateji', 48),
(102, 'Yarış', 48),
(103, 'Savaş', 49),
(104, 'Animasyon', 49),
(105, 'Komedi', 50),
(106, 'Gizem', 50),
(107, 'Dram', 51),
(108, 'Fantastik', 51);

-- --------------------------------------------------------

--
-- Tablo için tablo yapısı `tbl_question`
--

CREATE TABLE IF NOT EXISTS `tbl_question` (
  `id` int(11) NOT NULL AUTO_INCREMENT,
  `text` varchar(256) CHARACTER SET latin5 NOT NULL,
  `section_id` int(11) NOT NULL,
  `answer_id` int(11) NOT NULL,
  PRIMARY KEY (`id`)
) ENGINE=MyISAM  DEFAULT CHARSET=utf8 AUTO_INCREMENT=686 ;

--
-- Tablo döküm verisi `tbl_question`
--

INSERT INTO `tbl_question` (`id`, `text`, `section_id`, `answer_id`) VALUES
(10, 'Uruguay', 1, 7),
(11, 'Paraguay', 1, 7),
(12, 'Arjantin', 1, 7),
(13, 'Brezilya', 1, 7),
(14, 'ABD', 1, 7),
(15, 'Kanada', 21, 45),
(16, 'Meksika', 20, 43),
(17, 'Almanya', 21, 46),
(18, 'Fransa', 20, 44),
(19, 'Estonya', 21, 46),
(20, 'Letonya', 1, 8),
(21, 'Bulgaristan', 1, 8),
(117, 'Angola', 3, 12),
(23, 'Sırbistan', 20, 44),
(24, 'Norveç', 1, 8),
(25, 'Karadağ', 1, 8),
(26, 'Polonya', 1, 8),
(27, 'Bahamalar', 20, 43),
(28, 'Barbados', 21, 45),
(29, 'Dominika', 1, 7),
(30, 'El Salvador', 1, 7),
(31, 'Honduras', 20, 43),
(32, 'Jamaika', 20, 43),
(33, 'Nikaragua', 21, 45),
(34, 'Panama', 20, 43),
(35, 'Guyana', 21, 45),
(36, 'Kolombiya', 21, 45),
(37, 'Şili', 21, 45),
(38, 'Bolivya', 20, 43),
(39, 'Belçika', 21, 46),
(40, 'İrlanda', 20, 44),
(41, 'Lihtenştayn', 21, 46),
(42, 'Lüksemburg', 20, 44),
(43, 'Monako', 21, 46),
(44, 'Moldova', 20, 44),
(45, 'Slovakya', 21, 46),
(46, 'Finlandiya', 20, 44),
(47, 'İzlanda', 21, 46),
(48, 'Litvanya', 1, 8),
(49, 'Andorra', 21, 46),
(50, 'Arnavutluk', 20, 44),
(51, 'Bosna-Hersek', 1, 8),
(52, 'Makedonya', 1, 8),
(53, 'San Marino', 21, 46),
(54, 'Slovenya', 20, 44),
(55, 'Vatikan', 1, 8),
(56, 'Malta', 20, 44),
(57, 'Afganistan', 15, 9),
(453, 'Corolla Verso', 31, 68),
(452, 'Tundra', 31, 68),
(432, 'Ingolstadt', 29, 64),
(61, 'Çin Halk Cumhuriyeti', 2, 9),
(62, 'Endonezya', 15, 9),
(437, 'Jazz', 30, 65),
(64, 'Kore Cumhuriyeti', 15, 9),
(65, 'Hindistan Cumhuriyeti', 15, 9),
(451, 'Auris', 31, 68),
(450, 'Yaris', 31, 68),
(449, 'Corolla', 31, 68),
(447, 'Getz', 30, 66),
(448, 'Genesis', 30, 66),
(445, 'Elantra', 30, 66),
(446, 'ix35', 30, 66),
(74, 'Myanmar Birliği', 2, 9),
(75, 'Nepal Federal Demokratik Cumhuriyeti', 2, 9),
(76, 'Singapur Cumhuriyeti', 2, 9),
(77, 'Sri Lanka Demokratik Sosyalist Cumhuriyeti', 17, 35),
(78, 'Tayland Krallığı', 17, 35),
(438, 'Civic', 30, 65),
(435, 'Hoffenheim', 29, 64),
(81, 'Yemen Cumhuriyeti', 17, 35),
(82, 'Angola Cumhuriyeti', 17, 36),
(83, 'Benin Cumhuriyeti', 17, 36),
(84, 'Botsvana Cumhuriyeti', 2, 10),
(85, 'Cezayir Demokratik Halk Cumhuriyeti', 17, 36),
(86, 'Cibuti Cumhuriyeti', 17, 36),
(456, 'Scirocco', 31, 67),
(455, 'Golf', 31, 67),
(454, 'Passat', 31, 67),
(91, 'Fas Krallığı', 15, 10),
(92, 'Fildişi Sahili Cumhuriyeti', 15, 10),
(431, 'Bournemouth', 29, 63),
(430, 'Leicester City', 29, 63),
(95, 'Gine Cumhuriyeti', 15, 10),
(96, 'Kamerun Cumhuriyeti', 15, 10),
(97, 'Kenya Cumhuriyeti', 15, 10),
(436, 'Swansea', 29, 63),
(434, 'Hannover', 29, 64),
(433, 'Hertha Berlin', 29, 64),
(101, 'Madagaskar Cumhuriyeti', 17, 36),
(102, 'Mısır Arap Cumhuriyeti', 17, 36),
(103, 'Mozambik Cumhuriyeti', 17, 36),
(104, 'Nijer Cumhuriyeti', 2, 10),
(105, 'Ruanda Cumhuriyeti', 2, 10),
(106, 'São Tomé ve Príncipe Demokratik Cumhuriyeti', 2, 10),
(108, 'Somali Cumhuriyeti', 15, 10),
(439, 'City', 30, 65),
(440, 'Legend', 30, 65),
(441, 'Accord', 30, 65),
(442, 'Jade', 30, 65),
(443, 'Accent', 30, 66),
(444, 'Tucson', 30, 66),
(115, 'Zimbabve Cumhuriyeti', 2, 10),
(116, 'Ekvator Ginesi Cumhuriyeti', 2, 10),
(202, 'Torbalı', 19, 42),
(119, 'Burundi', 18, 38),
(120, 'Madagaskar', 18, 38),
(121, 'Mauritius', 3, 12),
(122, 'Mozambik', 3, 12),
(123, 'Ruanda', 18, 38),
(204, 'Tire', 4, 14),
(126, 'Tanzanya', 3, 12),
(127, 'Yeni Zelanda', 3, 12),
(128, 'Papua Yeni Gine', 18, 38),
(129, 'Paraguay', 18, 38),
(193, 'Karşıyaka', 4, 14),
(131, 'Letonya', 3, 11),
(132, 'Barbados', 18, 37),
(133, 'Kanada', 3, 11),
(134, 'Lihtenştayn', 3, 11),
(135, 'San Marino', 18, 37),
(136, 'Andorra', 18, 37),
(258, 'Goya (Bitter Melon)', 24, 52),
(194, 'Kınık', 19, 42),
(192, 'Karaburun', 4, 14),
(141, 'Kazakistan Cumhuriyeti', 3, 11),
(190, 'Foça', 4, 14),
(143, 'Litvanya', 3, 11),
(144, 'Bahreyn', 3, 11),
(145, 'Yemen Cumhuriyeti', 18, 37),
(146, 'Tayland Krallığı', 18, 37),
(147, 'Myanmar Birliği', 18, 37),
(148, 'Umman Sultanlığı', 18, 37),
(149, 'Lübnan Cumhuriyeti', 18, 37),
(203, 'Selçuk', 19, 42),
(420, 'ACF Fiorentina', 28, 62),
(152, 'Botsvana', 3, 12),
(419, 'Inter', 28, 62),
(257, 'Rambutan', 6, 18),
(198, 'Menemen', 19, 42),
(199, 'Ödemiş', 19, 42),
(200, 'Seferihisar', 4, 14),
(201, 'Urla', 4, 14),
(195, 'Konak', 4, 14),
(162, 'Karadağ', 3, 11),
(165, 'Kanada', 18, 37),
(188, 'Çeşme', 4, 14),
(424, 'Real Betis', 28, 61),
(169, 'Fas Krallığı', 3, 11),
(170, 'Vatikan', 18, 37),
(171, 'Afganistan', 3, 11),
(172, 'Katar Devleti', 3, 11),
(191, 'Gaziemir', 4, 14),
(174, 'Kuveyt Devleti', 18, 37),
(187, 'Buca', 19, 42),
(182, 'Aliağa', 4, 14),
(183, 'Balçova', 4, 14),
(184, 'Bayraklı', 19, 42),
(185, 'Beydağ', 19, 42),
(207, 'Avcılar', 19, 41),
(418, 'AC Milan', 28, 62),
(209, 'Bakırköy', 19, 41),
(210, 'Başakşehir', 19, 41),
(425, 'Sevilla FC', 28, 61),
(417, 'Juventus FC', 28, 62),
(214, 'Beyoğlu', 19, 41),
(215, 'Çatalca', 4, 13),
(421, 'AS Roma', 28, 62),
(219, 'Kâğıthane', 4, 13),
(220, 'Maltepe', 19, 41),
(221, 'Sancaktepe', 19, 41),
(423, 'Real Madrid CF', 28, 61),
(223, 'Silivri', 4, 13),
(224, 'Sultanbeyli', 4, 13),
(422, 'FC Barcelona', 28, 61),
(226, 'Üsküdar', 19, 41),
(227, 'Altındağ', 23, 49),
(228, 'Beypazarı', 5, 15),
(229, 'Çamlıdere', 5, 15),
(230, 'Çankaya', 5, 15),
(231, 'Çubuk', 5, 15),
(232, 'Elmadağ', 22, 47),
(233, 'Etimesgut', 23, 49),
(234, 'Gölbaşı', 22, 47),
(235, 'Güdül', 22, 47),
(236, 'Haymana', 5, 15),
(237, 'Keçiören', 23, 49),
(238, 'Kızılcahamam', 23, 49),
(239, 'Mamak', 23, 49),
(240, 'Nallıhan', 22, 47),
(241, 'Polatlı', 5, 15),
(242, 'Sincan', 23, 49),
(243, 'Yenimahalle', 22, 47),
(244, 'Şereflikoçhisar', 22, 47),
(245, 'Osmangazi', 23, 49),
(246, 'Nilüfer', 22, 48),
(247, 'Büyükorhan', 23, 50),
(248, 'Harmancık', 5, 16),
(249, 'Yenişehir', 22, 48),
(250, 'Mudanya', 23, 50),
(251, 'İnegöl', 5, 16),
(252, 'Orhaneli', 22, 48),
(253, 'Orhangazi', 5, 16),
(254, 'Gürsu', 5, 16),
(255, 'Kestel', 22, 48),
(256, 'Gemlik', 23, 50),
(259, 'Mangostan', 24, 52),
(260, 'Pitaya', 24, 52),
(261, 'Yıldız Elması', 6, 18),
(262, 'Hint İnciri', 24, 52),
(263, 'Jabuticaba', 6, 18),
(264, 'Elma', 24, 52),
(265, 'Böğürtlen', 6, 18),
(266, 'Mandalina', 6, 18),
(267, 'Portakal', 6, 18),
(268, 'Armut', 24, 52),
(269, 'Kivi', 24, 52),
(270, 'Muz', 6, 18),
(271, 'Avokado', 6, 18),
(272, 'Kızılcık', 6, 18),
(273, 'Mango', 24, 52),
(274, 'Bezelye', 6, 17),
(275, 'Bamya', 6, 17),
(276, 'Brokoli', 24, 51),
(277, 'Brüksel lahanası', 24, 51),
(278, 'Enginar', 24, 51),
(279, 'Hindiba', 24, 51),
(280, 'Ispanak', 24, 51),
(281, 'Karnabahar', 6, 17),
(282, 'Maydanoz', 24, 51),
(283, 'Pırasa', 6, 17),
(284, 'Semizotu', 24, 51),
(285, 'Şalgam', 6, 17),
(286, 'Barbunya', 6, 17),
(287, 'Börülce', 6, 17),
(288, 'Bateri', 7, 20),
(289, 'Tuba', 7, 19),
(290, 'Zurna', 27, 60),
(291, 'Bendir', 7, 20),
(292, 'Bongo', 7, 20),
(293, 'Davul', 27, 59),
(294, 'Fagot', 27, 60),
(295, 'Flüt', 27, 60),
(296, 'Kaşık', 7, 20),
(297, 'Kaval', 7, 19),
(298, 'Klarnet', 7, 19),
(299, 'Marimba', 27, 59),
(300, 'Mızıka', 7, 19),
(301, 'Nakkare', 7, 20),
(302, 'Ney', 7, 19),
(303, 'Saksafon', 7, 19),
(304, 'Sipsi', 27, 60),
(305, 'Timpani', 27, 59),
(306, 'Trombon', 7, 19),
(307, 'Trompet', 27, 60),
(308, 'Darbuka', 27, 59),
(309, 'Tulum', 27, 60),
(310, 'Adana', 25, 53),
(311, 'Ankara', 25, 54),
(312, 'Antalya', 25, 53),
(313, 'Aydın', 25, 53),
(314, 'Balıkesir', 25, 54),
(315, 'Bursa', 8, 22),
(316, 'Çanakkale', 25, 53),
(317, 'Denizli', 8, 22),
(318, 'Edirne', 8, 22),
(319, 'Eskişehir', 8, 22),
(320, 'İstanbul', 25, 54),
(321, 'İzmir', 8, 21),
(322, 'Kocaeli', 8, 21),
(323, 'Konya', 8, 22),
(324, 'Manisa', 8, 21),
(325, 'Muğla', 8, 22),
(326, 'Samsun', 8, 21),
(327, 'Sivas', 25, 54),
(328, 'Trabzon', 25, 53),
(329, 'Uşak', 25, 54),
(485, 'Kort', 34, 73),
(486, 'Ace', 34, 73),
(479, 'Triple-Double', 33, 72),
(480, 'Smaç', 33, 72),
(481, 'Break', 34, 73),
(482, 'Çifte hata', 34, 73),
(483, 'Servis', 34, 73),
(484, 'Forehand', 34, 73),
(478, 'Ribaund', 33, 72),
(477, 'Pota', 33, 72),
(476, 'Turnike', 33, 72),
(475, 'Steps', 33, 72),
(471, 'Frikik', 33, 71),
(472, 'Röveşata', 33, 71),
(473, 'Gol', 33, 71),
(474, 'Altın Gol', 33, 71),
(470, 'Ofsayt', 33, 71),
(468, 'TT', 32, 70),
(467, 'A1', 32, 70),
(466, 'M3 Coupe', 32, 69),
(458, 'New Beetle', 31, 67),
(459, 'Amarok', 31, 67),
(460, 'Tiguan', 31, 67),
(461, 'Caddy', 31, 67),
(462, 'Avensis', 31, 68),
(463, 'X3', 32, 69),
(464, '320i', 32, 69),
(465, 'E60 520d', 32, 69),
(469, 'Q7', 32, 70),
(457, 'Jetta', 31, 67),
(375, 'Ağrı', 11, 28),
(376, 'Artvin', 26, 56),
(377, 'Bilecik', 11, 27),
(378, 'Burdur', 11, 27),
(379, 'Diyarbakır', 11, 27),
(380, 'Erzincan', 11, 28),
(381, 'Gümüşhane', 11, 27),
(382, 'İçel', 11, 27),
(383, 'Kırklareli', 26, 55),
(384, 'Mardin', 26, 55),
(385, 'Nevşehir', 26, 56),
(386, 'Siirt', 26, 56),
(387, 'Tunceli', 26, 56),
(388, 'Van', 26, 55),
(389, 'Bayburt', 26, 55),
(390, 'Kırıkkale', 26, 55),
(391, 'Bartın', 11, 28),
(392, 'Iğdır', 26, 56),
(393, 'Kilis', 11, 27),
(394, 'Osmaniye', 11, 28),
(395, 'Gelincik', 14, 29),
(426, 'Villarreal CF', 28, 61),
(399, 'Panda', 14, 29),
(428, 'Arsenal FC', 29, 63),
(401, 'Zebra', 14, 29),
(402, 'Tilki', 14, 29),
(403, 'Fok balığı', 14, 29),
(404, 'Kanguru', 14, 29),
(405, 'Kaplumbağa', 14, 30),
(406, 'Timsah', 14, 30),
(407, 'Kertenkele', 14, 30),
(408, 'Kartal', 14, 30),
(427, 'Chelsea FC', 29, 63),
(410, 'Leylek', 14, 30),
(429, 'Aston Villa FC', 29, 63),
(413, 'Deve Kuşu', 14, 30),
(414, 'Ağaçkakan', 14, 30),
(415, 'Karga', 14, 30),
(416, 'Köpek Balığı', 14, 29),
(487, 'Pasör', 34, 74),
(488, 'Smaçör', 34, 74),
(489, 'Parmak Pas', 34, 74),
(490, 'Manşet', 34, 74),
(491, 'Papyon', 35, 75),
(492, 'Takke', 35, 75),
(493, 'Kötekli Saat', 35, 75),
(494, 'Kol Düğmesi', 35, 75),
(495, 'Fes', 35, 75),
(496, 'Tektaş yüzük', 35, 76),
(497, 'Bilezik', 35, 76),
(498, 'Eşarp', 35, 76),
(499, 'Şal', 35, 76),
(500, 'Yelpaze', 35, 76),
(501, 'Kuşburnu', 36, 77),
(502, 'Adaçayı', 36, 77),
(503, 'Sahlep', 36, 77),
(504, 'Ihlamur', 36, 77),
(505, 'Türk Kahvesi', 36, 77),
(506, 'Limonata', 36, 78),
(507, 'Şalgam Suyu', 36, 78),
(508, 'Churchill', 36, 78),
(509, 'Soda', 36, 78),
(510, 'Milkshake', 36, 78),
(511, 'Miligram', 37, 79),
(512, 'Ton', 37, 79),
(513, 'Okka', 37, 79),
(514, 'Ons', 37, 79),
(515, 'Karat', 37, 79),
(516, 'Kantar', 37, 79),
(517, 'Metreküp', 37, 80),
(518, 'Galon', 37, 80),
(519, 'Litre', 37, 80),
(520, 'Desilitre', 37, 80),
(521, 'Gigalitre', 37, 80),
(522, '', 0, 0),
(523, 'Dönüm', 38, 81),
(524, 'Dekar', 38, 81),
(525, 'Evlek', 38, 81),
(526, 'Milimetrekare', 38, 81),
(527, 'Hektar', 38, 81),
(528, 'Deniz mili', 38, 82),
(529, 'Feet', 38, 82),
(530, 'Fersah', 38, 82),
(531, 'Nanometre', 38, 82),
(532, 'Yard', 38, 82),
(533, 'Menzil', 38, 82),
(534, 'Nanometre', 38, 82),
(535, 'Abes', 39, 83),
(536, 'Cisim', 39, 83),
(537, 'Fitne', 39, 83),
(538, 'Kanun', 39, 83),
(539, 'Buhran', 39, 83),
(540, 'Dekoder', 39, 84),
(541, 'Barkod', 39, 84),
(542, '\r\nCips', 39, 84),
(543, 'Futbol', 39, 84),
(544, 'Abiye', 40, 85),
(545, 'Editör', 40, 85),
(546, 'Garaj', 40, 85),
(547, 'Kabare', 40, 85),
(548, 'Bahar', 40, 86),
(549, 'Dürbün', 40, 86),
(550, 'Günah', 40, 86),
(551, 'Karpuz', 40, 86),
(552, 'Tilki', 41, 87),
(553, 'Sırtlan', 41, 87),
(554, 'Kaplan', 41, 87),
(555, 'Panter', 41, 87),
(556, 'Çıyan', 41, 87),
(557, 'Timsah', 41, 87),
(558, 'Leopar', 41, 87),
(559, 'Tırtıl', 41, 88),
(560, 'Fil', 41, 88),
(561, 'Zürafa', 41, 88),
(562, 'Bizon', 41, 88),
(563, 'Gergedan', 41, 88),
(564, 'Keklik', 41, 88),
(565, 'Manda', 41, 88),
(566, 'Diego Forlan', 42, 89),
(567, 'Wesley Sneijder', 42, 89),
(568, 'Arjen Robben', 42, 89),
(569, 'Didier Drogba', 42, 89),
(570, 'Robin van Persie', 42, 89),
(571, 'Mesut Özil', 42, 89),
(572, 'Gareth Bale', 42, 89),
(573, 'Hidayet Türkoğlu', 42, 90),
(574, 'Lebron James', 42, 90),
(575, 'Kobe Bryant', 42, 90),
(576, 'Chris Paul', 42, 90),
(577, 'Dirk Nowitzki', 42, 90),
(578, 'Dwyane Wade', 42, 90),
(579, 'Mehmet Okur', 42, 90),
(580, 'Eden Hazard', 42, 89),
(581, 'İtalya', 43, 91),
(582, 'Fransa', 43, 91),
(583, 'Lübnan', 43, 91),
(584, 'Fas', 43, 91),
(585, 'Yunanistan', 43, 91),
(586, 'Ukrayna', 43, 92),
(587, 'Gürcistan', 43, 92),
(588, 'Bulgaristan', 43, 92),
(589, 'Romanya', 43, 92),
(590, 'Moldova', 43, 92),
(591, 'Kazaklar', 44, 93),
(592, 'Savaş ve Barış', 44, 93),
(593, 'Diriliş', 44, 93),
(594, 'Anna Karenina', 44, 93),
(595, 'Efendi İle Uşağı', 44, 93),
(596, 'Bir Delinin Hatıra Defteri', 44, 94),
(597, 'Ölü Canlar', 44, 94),
(598, 'Kumarcılar', 44, 94),
(599, 'Dava', 44, 94),
(600, 'Eski Zaman Beyleri', 44, 94),
(601, 'Dokuzuncu Senfoni', 45, 95),
(602, 'Üçlü Konçerto', 45, 95),
(603, 'Koral Fantazi', 45, 95),
(604, 'Egmont', 45, 95),
(605, 'Requiem', 45, 96),
(606, 'Kırkıncı Senfoni', 45, 96),
(607, 'Figaro''nun Düğünü', 45, 96),
(608, 'Saraydan Kız Kaçırma', 45, 96),
(609, 'Hande Ataizi', 46, 97),
(610, 'Cem Davran', 46, 97),
(611, 'Göksel Kortay', 46, 97),
(612, 'Hakan Gerçek', 46, 97),
(613, 'Mehmet Ulay', 46, 97),
(614, 'Gülben Ergen', 46, 98),
(615, 'Kenan Işık', 46, 98),
(616, 'Sinem Kobal', 46, 98),
(617, 'Haldun Dormen', 46, 98),
(618, 'Seray Sever', 46, 98),
(619, 'Çağatay Ulusoy', 47, 99),
(620, 'Serenay Sarıkaya', 47, 99),
(621, 'Barış Falay', 47, 99),
(622, 'Şebnem Dönmez', 47, 99),
(623, 'Hazar Ergüçlü', 47, 99),
(624, 'Kenan İmirzalıoğlu', 47, 100),
(625, 'Haluk Bilginer', 47, 100),
(626, 'Tuncel Kurtiz', 47, 100),
(627, 'Cansu Dere', 47, 100),
(628, 'Kıvanç Tatlıtuğ', 47, 100),
(629, 'Total War', 48, 101),
(630, 'Civilization V', 48, 101),
(631, 'Dota', 48, 101),
(632, 'Warcraft III', 48, 101),
(633, 'Command & Conquer: Red Alert', 48, 101),
(634, 'Starcraft', 48, 101),
(635, 'Need For Speed', 48, 102),
(636, 'Asphalt 8: Airborne', 48, 102),
(637, 'Midnight Club 2', 48, 102),
(638, 'Colin McRae DiRT 3', 48, 102),
(639, '18 Wheels of Steel: Haulin', 48, 102),
(640, 'Colin McRae DiRT 3', 48, 102),
(641, 'Schindler''in Listesi', 49, 103),
(642, 'Yedi Samuray', 49, 103),
(643, 'Gladyatör', 49, 103),
(644, 'Piyanist', 49, 103),
(645, 'Hotel Ruanda', 49, 103),
(646, 'Er Ryan''ı Kurtarmak', 49, 103),
(647, 'Cesur Yürek', 49, 103),
(648, 'WALL·E', 49, 104),
(649, 'Kayip Balik Nemo', 49, 104),
(650, 'Yukari Bak (UP)', 49, 104),
(651, 'Buz devri', 49, 104),
(652, 'İnanilmaz aile', 49, 104),
(653, 'Arabalar', 49, 104),
(654, 'Oyuncak Hikayesi', 49, 104),
(655, 'Shrek', 49, 104),
(656, 'Hababam Sınıfı', 50, 105),
(657, 'Tosun Paşa', 50, 105),
(658, 'Düğün Dernek', 50, 105),
(659, 'Neşeli Günler', 50, 105),
(660, 'Truman Show', 50, 105),
(661, 'Felekten Bir Gece(Hangover)', 50, 105),
(662, 'Evde Tek Başına', 50, 105),
(663, 'Sihirbaz (The Illusionist)', 50, 106),
(664, 'Diğerleri (The Others)', 50, 106),
(665, 'Kelebek Etkisi', 50, 106),
(666, 'Şanslı Slevin (Lucky Number Slevin)', 50, 106),
(667, 'Oyun (The Game)', 50, 106),
(668, 'Akıl Defteri (Memento)', 50, 106),
(669, 'Prestij (The Prestige)', 50, 106),
(670, 'Olağan Şüpheliler (The Usual Suspects)', 50, 106),
(671, 'Baba (The Godfather)', 51, 107),
(672, 'Ucuz Roman (Pulp fiction)', 51, 107),
(673, 'Leon', 51, 107),
(674, 'Titanik', 51, 107),
(675, 'Siyah Kugu', 51, 107),
(676, 'Amerikan Güzeli', 51, 107),
(677, 'İhtiyarlara Yer Yok', 51, 107),
(678, 'Yüzüklerin Efendisi Serisi', 51, 108),
(679, 'Şeytanın Avukatı', 51, 108),
(680, 'Star Wars Serisi', 51, 108),
(681, 'Jumanji', 51, 108),
(682, 'X-Men Serisi', 51, 108),
(683, 'Bıçağın İki Yüzü', 51, 108),
(684, 'Hayalet Avcıları', 51, 108),
(685, 'Karayip Korsanları Serisi', 51, 108);

-- --------------------------------------------------------

--
-- Tablo için tablo yapısı `tbl_scores`
--

CREATE TABLE IF NOT EXISTS `tbl_scores` (
  `id` int(11) NOT NULL AUTO_INCREMENT,
  `section_id` int(11) NOT NULL,
  `user_id` int(11) NOT NULL,
  `score` mediumint(9) NOT NULL,
  PRIMARY KEY (`id`)
) ENGINE=InnoDB  DEFAULT CHARSET=utf8 AUTO_INCREMENT=5871 ;

--
-- Tablo döküm verisi `tbl_scores`
--

INSERT INTO `tbl_scores` (`id`, `section_id`, `user_id`, `score`) VALUES
(114, 1, 275868, 82),
(115, 1, 275868, 81),
(116, 1, 275868, 80),
(117, 1, 275868, 79),
(118, 1, 275868, 78),
(119, 1, 275868, 77),
(120, 1, 275868, 76),
(121, 1, 275868, 75),
(122, 1, 275868, 74),
(123, 1, 275868, 73),
(124, 1, 275868, 72),
(125, 1, 275868, 71),
(126, 1, 275868, 70),
(127, 1, 275868, 69),
(129, 1, 871810, 126),
(130, 1, 871810, 125),
(131, 1, 871810, 124),
(132, 1, 871810, 123),
(133, 1, 871810, 122),
(134, 1, 871810, 121),
(135, 1, 871810, 120),
(136, 1, 871810, 119),
(157, 3, 329768, 403),
(159, 3, 810740, 378),
(161, 3, 708809, 467),
(168, 3, 163384, 449),
(170, 3, 163384, 474),
(173, 3, 163384, 463),
(186, 3, 531184, 54),
(187, 2, 531184, 74),
(188, 1, 531184, 220),
(189, 1, 531184, 148),
(190, 1, 531184, 76),
(191, 1, 531184, 24),
(192, 3, 531184, 74),
(193, 4, 186559, 150),
(195, 4, 186559, 78),
(196, 2, 186559, 80),
(197, 2, 133949, 34),
(198, 3, 133949, 34),
(199, 1, 852647, 60),
(200, 3, 531184, 8),
(201, 1, 686928, 60),
(202, 2, 397700, 60),
(203, 1, 397700, 60),
(204, 3, 736435, 40),
(207, 4, 379383, 20),
(208, 14, 206414, 30),
(209, 11, 206414, 30),
(212, 9, 457735, 336),
(213, 1, 457735, 264),
(214, 5, 947462, 0),
(216, 6, 651717, 348),
(223, 1, 155602, 192),
(228, 8, 155602, 254),
(230, 14, 155602, 30),
(231, 13, 654456, 468),
(232, 9, 174253, 18),
(233, 11, 978549, 54),
(234, 1, 382235, 438),
(235, 1, 382235, 0),
(237, 2, 506041, 0),
(238, 9, 383825, 6),
(239, 8, 996126, 0),
(240, 11, 193033, 42),
(241, 11, 193033, 0),
(242, 1, 193033, 0),
(243, 6, 516305, 48),
(244, 3, 609116, 132),
(245, 4, 609116, 0),
(246, 1, 609116, 12),
(247, 13, 465685, 0),
(248, 12, 360561, 366),
(249, 12, 360561, 0),
(250, 12, 360561, 0),
(251, 12, 360561, 54),
(252, 12, 360561, 342),
(253, 12, 360561, 480),
(254, 14, 360561, 150),
(255, 3, 595988, 0),
(256, 9, 595988, 12),
(258, 13, 595988, 0),
(259, 1, 616897, 12),
(260, 1, 616897, 12),
(263, 1, 924256, 42),
(264, 4, 871913, 0),
(265, 1, 871913, 276),
(266, 8, 871913, 0),
(267, 8, 178038, 0),
(268, 8, 178038, 230),
(269, 8, 178038, 0),
(270, 8, 178038, 337),
(271, 3, 178038, 284),
(272, 3, 178038, 200),
(273, 2, 449524, 0),
(274, 6, 577733, 84),
(275, 9, 366010, 366),
(276, 1, 366010, 0),
(277, 6, 366010, 366),
(278, 1, 923479, 186),
(279, 1, 923479, 480),
(280, 2, 923479, 142),
(281, 2, 923479, 220),
(282, 2, 923479, 302),
(283, 2, 923479, 176),
(284, 2, 923479, 350),
(285, 8, 923479, 18),
(286, 8, 923479, 403),
(289, 4, 923479, 0),
(290, 4, 923479, 146),
(291, 4, 923479, 94),
(292, 4, 923479, 234),
(293, 4, 923479, 0),
(295, 4, 923479, 170),
(298, 8, 923479, 380),
(299, 8, 923479, 340),
(300, 5, 923479, 62),
(301, 5, 923479, 0),
(302, 5, 923479, 0),
(303, 5, 923479, 20),
(304, 5, 923479, 98),
(305, 9, 923479, 0),
(306, 2, 100498, 124),
(307, 8, 813686, 0),
(308, 8, 813686, 428),
(309, 13, 813686, 0),
(310, 9, 813686, 420),
(312, 5, 813686, 298),
(318, 6, 456257, 84),
(320, 8, 975825, 0),
(321, 8, 975825, 302),
(322, 11, 975825, 300),
(324, 8, 821804, 48),
(327, 1, 917139, 0),
(328, 1, 917139, 0),
(329, 1, 917139, 288),
(332, 2, 402120, 0),
(338, 4, 402120, 406),
(340, 8, 904128, 102),
(341, 5, 904128, 8),
(342, 1, 904128, 6),
(347, 11, 408223, 30),
(348, 14, 113212, 96),
(351, 12, 113212, 0),
(352, 12, 113212, 306),
(353, 12, 113212, 330),
(355, 14, 113212, 438),
(356, 11, 113212, 186),
(357, 11, 113212, 240),
(358, 11, 113212, 0),
(361, 2, 113212, 312),
(362, 8, 113212, 411),
(363, 8, 113212, 420),
(364, 3, 385336, 458),
(365, 14, 721854, 0),
(366, 2, 881052, 0),
(367, 9, 260217, 0),
(368, 3, 380698, 176),
(369, 2, 329977, 310),
(371, 11, 840654, 408),
(372, 9, 127474, 168),
(373, 10, 127474, 336),
(374, 7, 308434, 0),
(375, 7, 308434, 0),
(377, 7, 515779, 432),
(379, 11, 515779, 72),
(380, 14, 515779, 0),
(383, 4, 515779, 66),
(385, 13, 515764, 270),
(386, 13, 515764, 300),
(390, 6, 515764, 120),
(391, 11, 431302, 0),
(392, 8, 848165, 82),
(393, 8, 848165, 84),
(396, 3, 528046, 58),
(397, 13, 567349, 12),
(398, 5, 567349, 118),
(399, 2, 567349, 362),
(401, 14, 417544, 42),
(402, 14, 417544, 54),
(403, 10, 568980, 30),
(404, 14, 417544, 234),
(405, 11, 417544, 36),
(406, 2, 417544, 150),
(407, 12, 417544, 168),
(408, 11, 271293, 186),
(409, 14, 271293, 6),
(410, 4, 417544, 4),
(411, 14, 271293, 318),
(412, 12, 417544, 72),
(413, 1, 271293, 102),
(414, 9, 426096, 228),
(415, 9, 426096, 306),
(416, 9, 426096, 54),
(418, 6, 575366, 132),
(420, 4, 394358, 0),
(421, 13, 495230, 6),
(422, 9, 445593, 378),
(423, 9, 445593, 24),
(424, 12, 445593, 168),
(425, 12, 445593, 6),
(426, 2, 445593, 0),
(427, 10, 445593, 96),
(428, 9, 445593, 252),
(429, 9, 445593, 378),
(430, 5, 445593, 78),
(431, 6, 445593, 258),
(432, 3, 412413, 0),
(434, 13, 937234, 48),
(436, 11, 376769, 294),
(437, 14, 919003, 6),
(439, 6, 196116, 336),
(440, 1, 269502, 0),
(441, 1, 269502, 0),
(442, 1, 269502, 414),
(443, 1, 269502, 336),
(444, 13, 269502, 60),
(445, 13, 269502, 144),
(446, 7, 585518, 40),
(447, 6, 717085, 384),
(448, 4, 625481, 2),
(449, 1, 866269, 330),
(450, 6, 418824, 24),
(453, 11, 340935, 12),
(455, 4, 308588, 0),
(457, 13, 553773, 438),
(459, 4, 777890, 30),
(462, 14, 933061, 36),
(463, 11, 933061, 288),
(466, 5, 800831, 108),
(467, 5, 800831, 154),
(468, 5, 800831, 194),
(469, 14, 100690, 36),
(471, 5, 800831, 182),
(472, 13, 489105, 72),
(473, 9, 513736, 12),
(474, 9, 513736, 60),
(475, 6, 452437, 12),
(477, 9, 946891, 0),
(478, 13, 532792, 0),
(479, 4, 532792, 4),
(480, 9, 261227, 252),
(481, 14, 261227, 120),
(482, 1, 261227, 42),
(483, 14, 261227, 6),
(484, 11, 261227, 450),
(485, 14, 261227, 198),
(486, 10, 261227, 0),
(487, 13, 261227, 276),
(488, 4, 261227, 120),
(489, 13, 261227, 168),
(490, 3, 261227, 250),
(491, 5, 261227, 10),
(492, 1, 234302, 186),
(493, 2, 410991, 0),
(494, 1, 234302, 6),
(495, 2, 410991, 0),
(496, 1, 234302, 144),
(497, 1, 234302, 318),
(499, 9, 559713, 0),
(500, 9, 109495, 24),
(501, 9, 385943, 462),
(505, 15, 242002, 279),
(506, 4, 242002, 401),
(507, 6, 140742, 481),
(508, 16, 140742, 12),
(510, 5, 458257, 200),
(511, 22, 458257, 7),
(512, 22, 458257, 0),
(513, 9, 522651, 78),
(514, 11, 522651, 0),
(515, 17, 578896, 69),
(516, 17, 578896, 27),
(517, 11, 836633, 180),
(518, 15, 836633, 200),
(519, 19, 836633, 169),
(520, 10, 836633, 485),
(521, 19, 836633, 94),
(522, 21, 579092, 62),
(523, 9, 579092, 318),
(524, 22, 133727, 42),
(525, 8, 940365, 2),
(526, 4, 478835, 238),
(527, 19, 940365, 20),
(528, 4, 478835, 139),
(529, 24, 940365, 0),
(530, 19, 651607, 213),
(531, 19, 651607, 363),
(532, 20, 299325, 0),
(533, 20, 299325, 0),
(534, 20, 299325, 175),
(535, 15, 299325, 378),
(536, 14, 299325, 0),
(537, 3, 809343, 0),
(538, 9, 909219, 84),
(539, 24, 220848, 6),
(540, 9, 909219, 162),
(541, 24, 220848, 126),
(542, 9, 909219, 344),
(543, 9, 220848, 42),
(544, 29, 220848, 198),
(545, 17, 220848, 268),
(546, 17, 220848, 247),
(547, 9, 220848, 162),
(548, 5, 323842, 0),
(549, 2, 220848, 0),
(550, 30, 323842, 411),
(551, 26, 220848, 45),
(552, 19, 323842, 1),
(553, 24, 220848, 138),
(554, 23, 323842, 307),
(555, 5, 220848, 203),
(556, 26, 323842, 0),
(557, 20, 323842, 50),
(558, 22, 323842, 116),
(559, 24, 323842, 306),
(560, 11, 323842, 318),
(561, 34, 382840, 0),
(562, 46, 781338, 448),
(563, 32, 781338, 23),
(564, 38, 781338, 288),
(565, 32, 781338, 400),
(566, 6, 781338, 482),
(567, 6, 781338, 479),
(568, 1, 444800, 204),
(569, 29, 345576, 11),
(570, 29, 345576, 28),
(571, 33, 345576, 320),
(572, 33, 345576, 0),
(573, 27, 315704, 142),
(574, 27, 315704, 266),
(575, 33, 183090, 338),
(576, 19, 183090, 288),
(577, 6, 855158, 324),
(578, 17, 855158, 0),
(579, 12, 855158, 278),
(580, 42, 855158, 343),
(581, 22, 855158, 10),
(582, 14, 855158, 7),
(583, 9, 855158, 0),
(584, 36, 855158, 11),
(585, 16, 936762, 307),
(586, 21, 936762, 0),
(587, 27, 936762, 287),
(588, 29, 936762, 332),
(589, 10, 936762, 463),
(590, 27, 936762, 301),
(591, 18, 936762, 0),
(592, 18, 936762, 176),
(593, 44, 936762, 490),
(594, 29, 936762, 366),
(595, 6, 936762, 402),
(596, 32, 992848, 344),
(597, 21, 816780, 54),
(598, 21, 816780, 28),
(599, 28, 808351, 388),
(600, 41, 699748, 12),
(603, 41, 699748, 246),
(604, 24, 699748, 0),
(605, 33, 701650, 412),
(606, 1, 227036, 24),
(607, 34, 711220, 1),
(608, 30, 303648, 407),
(609, 30, 303648, 407),
(610, 42, 892725, 58),
(611, 33, 303648, 0),
(612, 33, 303648, 0),
(613, 17, 303648, 101),
(614, 33, 303648, 0),
(615, 1, 303648, 96),
(616, 5, 303648, 0),
(617, 12, 303648, 0),
(618, 11, 303648, 36),
(619, 3, 303648, 320),
(620, 13, 303648, 0),
(621, 13, 303648, 54),
(622, 31, 303648, 206),
(623, 15, 303648, 0),
(624, 19, 303648, 188),
(625, 41, 303648, 294),
(626, 44, 303648, 56),
(627, 35, 303648, 133),
(628, 12, 303648, 204),
(629, 27, 726043, 28),
(630, 4, 726043, 401),
(631, 4, 726043, 412),
(632, 10, 726043, 474),
(633, 25, 726043, 32),
(634, 27, 377371, 108),
(635, 27, 377371, 256),
(636, 44, 285637, 302),
(637, 26, 784628, 26),
(638, 45, 784628, 258),
(639, 4, 784628, 7),
(640, 38, 784628, 300),
(641, 25, 939103, 75),
(642, 25, 535003, 107),
(643, 25, 535003, 170),
(644, 30, 535003, 415),
(645, 18, 535003, 188),
(646, 18, 535003, 209),
(647, 21, 535003, 0),
(648, 34, 535003, 1),
(649, 43, 743666, 410),
(650, 15, 743666, 0),
(651, 15, 743666, 0),
(652, 32, 743666, 174),
(653, 16, 743666, 0),
(654, 16, 743666, 361),
(655, 24, 743666, 72),
(656, 24, 743666, 299),
(657, 40, 743666, 376),
(658, 14, 743666, 177),
(659, 14, 743666, 381),
(660, 5, 743666, 150),
(661, 5, 743666, 208),
(662, 14, 743666, 378),
(663, 9, 743666, 144),
(664, 9, 743666, 120),
(665, 9, 743666, 354),
(666, 20, 434419, 48),
(667, 20, 434419, 82),
(668, 45, 608998, 390),
(669, 40, 608998, 15),
(670, 9, 608998, 204),
(671, 29, 608998, 163),
(672, 1, 608998, 12),
(673, 19, 608998, 169),
(674, 17, 271623, 7),
(675, 17, 271623, 26),
(676, 17, 271623, 89),
(677, 17, 271623, 232),
(678, 39, 271623, 475),
(679, 5, 271623, 194),
(680, 12, 271623, 284),
(681, 41, 271623, 276),
(682, 41, 271623, 216),
(683, 43, 271623, 116),
(684, 46, 667842, 42),
(685, 10, 965747, 459),
(686, 34, 965747, 228),
(687, 43, 597190, 426),
(688, 43, 597190, 419),
(689, 35, 597190, 266),
(690, 35, 597190, 75),
(691, 26, 267135, 0),
(692, 26, 267135, 0),
(693, 35, 267135, 34),
(694, 35, 267135, 282),
(695, 40, 267135, 0),
(696, 40, 267135, 273),
(697, 35, 267135, 0),
(698, 40, 267135, 60),
(699, 29, 267135, 46),
(700, 1, 267135, 314),
(701, 15, 267135, 388),
(702, 15, 267135, 366),
(703, 18, 267135, 22),
(704, 18, 267135, 204),
(705, 38, 267135, 310),
(706, 11, 267135, 315),
(707, 8, 267135, 114),
(708, 8, 267135, 179),
(709, 7, 267135, 76),
(710, 7, 267135, 220),
(711, 11, 267135, 308),
(712, 20, 267135, 0),
(713, 20, 267135, 0),
(714, 21, 568638, 36),
(715, 21, 568638, 0),
(716, 21, 568638, 0),
(717, 20, 568638, 0),
(718, 20, 568638, 70),
(719, 44, 166542, 268),
(720, 36, 772711, 28),
(721, 36, 772711, 491),
(722, 43, 772711, 227),
(723, 43, 772711, 10),
(724, 41, 752437, 300),
(725, 41, 752437, 301),
(726, 41, 752437, 198),
(727, 1, 497052, 0),
(728, 1, 497052, 258),
(729, 14, 970221, 344),
(730, 28, 970221, 398),
(731, 42, 753427, 157),
(732, 42, 753427, 291),
(733, 3, 753427, 296),
(734, 18, 909119, 0),
(735, 32, 711908, 23),
(736, 3, 753427, 304),
(737, 18, 909119, 136),
(738, 3, 753427, 300),
(739, 14, 595077, 219),
(740, 16, 909119, 390),
(741, 20, 753427, 0),
(742, 43, 641778, 46),
(743, 12, 909119, 48),
(744, 12, 909119, 311),
(745, 17, 909119, 51),
(746, 15, 909119, 390),
(747, 12, 909119, 321),
(748, 29, 909119, 256),
(749, 19, 909119, 344),
(750, 7, 909119, 101),
(751, 31, 909119, 201),
(752, 31, 909119, 192),
(753, 18, 909119, 207),
(754, 2, 909119, 0),
(755, 1, 289593, 36),
(756, 1, 289593, 12),
(757, 11, 155171, 42),
(758, 9, 155171, 18),
(759, 26, 155171, 359),
(760, 4, 155171, 0),
(761, 17, 359433, 40),
(762, 37, 359433, 244),
(763, 3, 359433, 0),
(764, 3, 359433, 303),
(765, 36, 847161, 99),
(766, 3, 359433, 283),
(767, 34, 173659, 188),
(768, 32, 359433, 397),
(769, 8, 173659, 102),
(770, 28, 359433, 380),
(771, 8, 173659, 58),
(772, 39, 359433, 0),
(773, 29, 359433, 17),
(774, 12, 359433, 296),
(775, 34, 770671, 175),
(776, 29, 770671, 186),
(777, 29, 770671, 116),
(778, 23, 770671, 300),
(779, 28, 770671, 395),
(780, 18, 770671, 201),
(781, 43, 770671, 274),
(782, 21, 770671, 136),
(783, 42, 770671, 363),
(784, 41, 770671, 313),
(785, 28, 770671, 403),
(786, 40, 770671, 349),
(787, 6, 512805, 210),
(788, 6, 512805, 36),
(789, 6, 512805, 240),
(790, 44, 787568, 502),
(791, 26, 575840, 19),
(792, 26, 575840, 352),
(793, 29, 575840, 17),
(794, 29, 575840, 353),
(795, 25, 575840, 269),
(796, 28, 987155, 396),
(798, 23, 987155, 36),
(799, 16, 987155, 307),
(800, 19, 987155, 319),
(801, 17, 987155, 33),
(802, 20, 168848, 2),
(803, 38, 987155, 296),
(805, 8, 987155, 158),
(806, 8, 987155, 207),
(807, 30, 987155, 419),
(808, 4, 987155, 390),
(809, 38, 987155, 306),
(810, 12, 987155, 285),
(811, 42, 987155, 363),
(812, 12, 987155, 264),
(813, 10, 987155, 439),
(814, 41, 987155, 298),
(815, 5, 987155, 182),
(816, 9, 987155, 348),
(817, 14, 987155, 395),
(818, 40, 987155, 361),
(820, 36, 855530, 233),
(821, 24, 987155, 126),
(822, 20, 855530, 0),
(824, 41, 572114, 198),
(825, 38, 572114, 300),
(826, 29, 572114, 122),
(827, 42, 572114, 262),
(828, 40, 682267, 9),
(829, 6, 883361, 114),
(830, 40, 682267, 114),
(831, 6, 883361, 36),
(832, 40, 682267, 183),
(833, 37, 682267, 11),
(834, 17, 682267, 226),
(835, 41, 682267, 90),
(836, 28, 682267, 233),
(837, 28, 682267, 384),
(838, 6, 696411, 60),
(839, 37, 696411, 0),
(840, 42, 696411, 64),
(841, 8, 696411, 120),
(842, 34, 696411, 1),
(843, 43, 696411, 0),
(844, 42, 696411, 309),
(845, 19, 934473, 19),
(846, 11, 934473, 144),
(847, 5, 934473, 182),
(848, 28, 934473, 397),
(849, 38, 934473, 180),
(850, 4, 934473, 288),
(851, 9, 934473, 174),
(852, 9, 934473, 361),
(853, 28, 934473, 403),
(854, 12, 934473, 258),
(855, 12, 513000, 198),
(856, 12, 546019, 289),
(857, 29, 546019, 128),
(858, 43, 546019, 75),
(859, 20, 546019, 0),
(860, 31, 546019, 0),
(861, 4, 546019, 419),
(862, 46, 546019, 24),
(863, 20, 546019, 4),
(864, 22, 556522, 8),
(865, 18, 556522, 2),
(866, 37, 556522, 544),
(867, 35, 556522, 279),
(868, 40, 556522, 378),
(869, 2, 556522, 236),
(870, 19, 880746, 375),
(871, 3, 880746, 288),
(872, 1, 880746, 48),
(873, 21, 880746, 0),
(874, 41, 880746, 310),
(875, 15, 880746, 76),
(876, 7, 880746, 70),
(877, 2, 582049, 102),
(878, 2, 582049, 0),
(879, 24, 770560, 138),
(880, 16, 836161, 107),
(881, 12, 770560, 192),
(882, 4, 771939, 8),
(883, 16, 836161, 382),
(884, 22, 771939, 54),
(885, 32, 770560, 163),
(886, 41, 836161, 216),
(887, 22, 771939, 195),
(888, 23, 770560, 198),
(889, 23, 770560, 301),
(890, 35, 771939, 0),
(891, 30, 770560, 410),
(892, 41, 770560, 204),
(893, 5, 770560, 90),
(894, 24, 770560, 102),
(895, 43, 770560, 413),
(896, 41, 770560, 78),
(897, 9, 770560, 348),
(898, 34, 770560, 221),
(899, 8, 770560, 136),
(900, 31, 770560, 199),
(901, 12, 897987, 0),
(902, 14, 770560, 375),
(903, 36, 897987, 0),
(904, 4, 770560, 27),
(905, 23, 770560, 304),
(906, 2, 770560, 262),
(907, 32, 770560, 383),
(908, 4, 770560, 400),
(909, 1, 965004, 6),
(910, 34, 965004, 213),
(911, 33, 965004, 23),
(912, 10, 436995, 473),
(913, 10, 436995, 472),
(914, 42, 436995, 157),
(915, 6, 436995, 12),
(916, 27, 436995, 118),
(917, 18, 436995, 14),
(918, 44, 634316, 28),
(919, 11, 563089, 294),
(920, 25, 173219, 69),
(921, 16, 436995, 0),
(922, 15, 634316, 398),
(923, 34, 634316, 223),
(924, 14, 436995, 0),
(925, 38, 563089, 36),
(926, 14, 436995, 220),
(927, 31, 436995, 213),
(928, 4, 563089, 7),
(929, 27, 436995, 222),
(930, 32, 436995, 174),
(931, 37, 436995, 85),
(932, 35, 436995, 278),
(933, 6, 344796, 480),
(934, 6, 436995, 30),
(935, 6, 436995, 54),
(936, 6, 436995, 174),
(937, 13, 436995, 168),
(938, 35, 607774, 29),
(939, 45, 436995, 36),
(940, 14, 607774, 138),
(941, 14, 607774, 372),
(942, 30, 607774, 415),
(943, 38, 607774, 66),
(944, 14, 607774, 394),
(945, 18, 436995, 20),
(946, 25, 607774, 63),
(947, 25, 607774, 39),
(948, 36, 436995, 35),
(949, 15, 607774, 70),
(950, 20, 436995, 44),
(951, 44, 607774, 78),
(952, 36, 436995, 472),
(953, 37, 607774, 5),
(954, 38, 436995, 246),
(955, 32, 607774, 157),
(956, 42, 436995, 157),
(957, 37, 607774, 320),
(958, 31, 868989, 108),
(959, 39, 436995, 272),
(960, 3, 607774, 303),
(961, 31, 868989, 186),
(962, 44, 436995, 158),
(963, 38, 607774, 42),
(964, 27, 371640, 0),
(965, 19, 607774, 319),
(966, 2, 868989, 0),
(967, 2, 111528, 254),
(968, 39, 607774, 376),
(969, 42, 607774, 245),
(970, 30, 111528, 404),
(971, 20, 607774, 0),
(972, 1, 990594, 12),
(973, 33, 844642, 403),
(974, 1, 607774, 0),
(975, 19, 419040, 13),
(976, 3, 607774, 315),
(977, 22, 844642, 122),
(978, 19, 419040, 239),
(979, 22, 607774, 134),
(980, 17, 844642, 20),
(981, 28, 419040, 394),
(982, 21, 791474, 34),
(983, 16, 607774, 114),
(984, 28, 844642, 338),
(985, 27, 419040, 267),
(987, 41, 607774, 204),
(988, 21, 791474, 0),
(989, 37, 419040, 28),
(990, 24, 791474, 66),
(991, 10, 607774, 0),
(992, 6, 419040, 24),
(993, 34, 791474, 52),
(994, 31, 607774, 214),
(995, 1, 419040, 186),
(996, 36, 791474, 408),
(997, 43, 607774, 151),
(998, 30, 419040, 411),
(999, 20, 491172, 62),
(1000, 36, 791474, 491),
(1001, 40, 607774, 349),
(1002, 11, 607774, 295),
(1003, 20, 491172, 38),
(1004, 26, 419040, 269),
(1005, 36, 607774, 75),
(1006, 36, 419040, 390),
(1007, 3, 607774, 309),
(1008, 30, 607774, 407),
(1009, 43, 419040, 420),
(1010, 19, 607774, 89),
(1011, 31, 607774, 218),
(1012, 29, 419040, 227),
(1013, 24, 607774, 144),
(1014, 21, 419040, 104),
(1015, 7, 419040, 121),
(1016, 25, 419040, 46),
(1017, 14, 362636, 107),
(1018, 6, 196790, 18),
(1019, 28, 362636, 396),
(1020, 42, 196790, 157),
(1021, 17, 362636, 139),
(1022, 38, 362636, 0),
(1023, 31, 110017, 210),
(1024, 38, 362636, 298),
(1025, 34, 110017, 221),
(1026, 27, 959643, 96),
(1027, 16, 959643, 257),
(1028, 3, 836627, 311),
(1029, 3, 836627, 306),
(1030, 18, 807932, 8),
(1031, 18, 807932, 8),
(1032, 41, 808770, 12),
(1033, 5, 449298, 250),
(1034, 5, 449298, 250),
(1035, 36, 449298, 484),
(1036, 36, 449298, 484),
(1037, 36, 449298, 484),
(1038, 36, 449298, 484),
(1039, 36, 449298, 484),
(1040, 36, 449298, 484),
(1041, 36, 449298, 484),
(1042, 36, 449298, 484),
(1043, 36, 449298, 484),
(1044, 36, 449298, 484),
(1045, 36, 449298, 484),
(1046, 36, 449298, 484),
(1047, 36, 449298, 484),
(1048, 36, 449298, 484),
(1049, 36, 449298, 484),
(1050, 36, 449298, 484),
(1051, 36, 449298, 484),
(1052, 36, 449298, 484),
(1053, 36, 449298, 484),
(1054, 36, 449298, 484),
(1055, 36, 449298, 484),
(1056, 36, 449298, 484),
(1057, 36, 449298, 484),
(1058, 36, 449298, 484),
(1059, 36, 449298, 484),
(1060, 36, 449298, 484),
(1061, 36, 449298, 484),
(1062, 36, 449298, 484),
(1063, 26, 564803, 94),
(1064, 43, 232394, 23),
(1065, 14, 564803, 157),
(1066, 8, 429407, 108),
(1067, 16, 232394, 32),
(1068, 8, 429407, 178),
(1069, 5, 449925, 22),
(1070, 36, 232394, 40),
(1071, 31, 429407, 192),
(1072, 31, 429407, 207),
(1073, 15, 449925, 350),
(1074, 32, 232394, 0),
(1075, 40, 429407, 362),
(1076, 14, 232394, 201),
(1077, 41, 232394, 132),
(1078, 39, 244941, 483),
(1079, 9, 711245, 364),
(1080, 38, 449925, 240),
(1081, 12, 232394, 0),
(1082, 9, 711245, 362),
(1083, 36, 449925, 455),
(1084, 4, 232394, 0),
(1085, 37, 449925, 350),
(1086, 4, 232394, 0),
(1087, 4, 232394, 401),
(1088, 34, 449925, 19),
(1089, 28, 232394, 403),
(1090, 17, 449925, 251),
(1091, 23, 232394, 297),
(1092, 23, 232394, 287),
(1093, 14, 449925, 325),
(1094, 26, 793063, 357),
(1095, 24, 449925, 150),
(1096, 11, 232394, 289),
(1097, 29, 449925, 245),
(1098, 11, 232394, 323),
(1099, 23, 232394, 300),
(1100, 42, 232394, 303),
(1101, 42, 232394, 356),
(1102, 42, 232394, 346),
(1103, 26, 480413, 244),
(1104, 25, 480413, 13),
(1105, 15, 203037, 399),
(1106, 21, 480413, 88),
(1107, 43, 480413, 17),
(1109, 42, 480413, 128),
(1110, 1, 427301, 24),
(1111, 11, 886323, 144),
(1112, 17, 480413, 113),
(1113, 11, 886323, 303),
(1114, 28, 480413, 392),
(1115, 35, 480413, 267),
(1116, 11, 886323, 6),
(1117, 35, 480413, 301),
(1118, 11, 886323, 180),
(1119, 9, 480413, 54),
(1120, 45, 886323, 186),
(1121, 45, 886323, 372),
(1122, 32, 886323, 58),
(1123, 40, 480413, 349),
(1124, 32, 886323, 180),
(1125, 10, 165323, 447),
(1126, 45, 480413, 204),
(1127, 32, 886323, 344),
(1128, 16, 594241, 2),
(1129, 32, 886323, 370),
(1130, 17, 165323, 82),
(1131, 32, 480413, 58),
(1132, 7, 594241, 0),
(1133, 32, 886323, 347),
(1134, 33, 480413, 425),
(1135, 46, 165323, 246),
(1136, 20, 886323, 16),
(1137, 43, 165323, 418),
(1138, 38, 480413, 24),
(1139, 20, 886323, 62),
(1140, 20, 165323, 0),
(1141, 28, 165323, 400),
(1142, 12, 165323, 272),
(1143, 12, 165323, 317),
(1144, 14, 165323, 391),
(1145, 25, 955249, 225),
(1146, 38, 955249, 96),
(1147, 38, 955249, 210),
(1148, 38, 955249, 272),
(1149, 43, 955249, 157),
(1150, 30, 955249, 410),
(1151, 39, 955249, 408),
(1152, 12, 607774, 48),
(1153, 9, 955249, 174),
(1154, 9, 955249, 0),
(1155, 1, 288687, 12),
(1156, 9, 955249, 333),
(1157, 25, 805550, 26),
(1158, 38, 955249, 317),
(1159, 37, 955249, 532),
(1160, 1, 955249, 18),
(1161, 29, 800920, 151),
(1162, 18, 805550, 28),
(1163, 1, 955249, 287),
(1164, 22, 933833, 160),
(1165, 41, 955249, 144),
(1166, 22, 933833, 42),
(1167, 7, 345050, 114),
(1168, 24, 933833, 78),
(1169, 18, 955249, 176),
(1170, 33, 345050, 0),
(1171, 6, 860899, 108),
(1172, 11, 955249, 276),
(1173, 29, 933833, 63),
(1174, 46, 345050, 455),
(1175, 17, 358539, 50),
(1176, 28, 860899, 385),
(1177, 12, 933833, 0),
(1178, 17, 358539, 26),
(1179, 11, 955249, 276),
(1180, 15, 345050, 0),
(1181, 2, 345050, 170),
(1182, 3, 243280, 240),
(1183, 43, 345050, 279),
(1184, 45, 955249, 446),
(1185, 5, 345050, 104),
(1186, 31, 243280, 2),
(1187, 15, 345050, 0),
(1188, 27, 243280, 68),
(1189, 45, 955249, 454),
(1190, 24, 243280, 102),
(1191, 16, 345050, 108),
(1192, 5, 243280, 114),
(1193, 38, 345050, 180),
(1194, 30, 345050, 406),
(1195, 8, 243280, 24),
(1196, 42, 345050, 192),
(1197, 13, 243280, 0),
(1198, 9, 124312, 174),
(1199, 18, 588863, 28),
(1200, 12, 345050, 0),
(1201, 18, 243280, 48),
(1202, 31, 345050, 206),
(1203, 34, 124312, 219),
(1204, 11, 588863, 30),
(1205, 42, 243280, 29),
(1206, 11, 345050, 0),
(1207, 45, 124312, 462),
(1208, 21, 588863, 16),
(1209, 8, 243280, 12),
(1210, 32, 588863, 297),
(1211, 43, 124312, 40),
(1212, 44, 243280, 440),
(1213, 27, 588863, 154),
(1214, 17, 588863, 265),
(1215, 36, 345050, 478),
(1216, 18, 243280, 0),
(1217, 46, 345050, 461),
(1218, 34, 588863, 163),
(1219, 31, 243280, 174),
(1220, 22, 588863, 8),
(1221, 31, 345050, 217),
(1222, 40, 243280, 12),
(1223, 14, 124443, 13),
(1224, 36, 243280, 0),
(1225, 14, 124443, 0),
(1226, 21, 243280, 0),
(1227, 31, 124443, 196),
(1228, 18, 946316, 0),
(1229, 41, 124443, 0),
(1230, 40, 243280, 0),
(1231, 29, 946316, 34),
(1232, 19, 124443, 69),
(1233, 26, 243280, 0),
(1234, 19, 124443, 282),
(1235, 18, 227653, 171),
(1236, 9, 243280, 66),
(1237, 27, 124443, 296),
(1238, 7, 243280, 0),
(1239, 19, 636978, 94),
(1240, 9, 124443, 18),
(1241, 7, 243280, 0),
(1242, 6, 124443, 476),
(1243, 13, 243280, 0),
(1244, 14, 124443, 377),
(1245, 5, 923358, 200),
(1246, 32, 243280, 0),
(1247, 43, 276516, 23),
(1248, 1, 630802, 84),
(1249, 11, 890073, 54),
(1250, 39, 243280, 0),
(1251, 26, 124443, 8),
(1252, 12, 534238, 234),
(1253, 1, 630802, 30),
(1254, 26, 124443, 15),
(1255, 12, 534238, 252),
(1256, 4, 773079, 163),
(1257, 5, 534238, 22),
(1258, 26, 124443, 22),
(1259, 4, 773079, 70),
(1260, 26, 124443, 312),
(1261, 24, 124443, 12),
(1262, 6, 811865, 477),
(1263, 20, 811865, 2),
(1264, 36, 354561, 134),
(1265, 11, 811865, 0),
(1266, 26, 448392, 300),
(1267, 41, 811865, 0),
(1268, 39, 672489, 0),
(1269, 26, 448392, 1),
(1270, 29, 811865, 256),
(1271, 44, 210309, 194),
(1272, 1, 811865, 30),
(1273, 7, 218208, 101),
(1274, 45, 900261, 294),
(1275, 34, 900261, 163),
(1276, 9, 175808, 0),
(1277, 5, 900261, 215),
(1278, 24, 900261, 174),
(1279, 12, 175808, 18),
(1280, 10, 188001, 455),
(1281, 5, 943917, 16),
(1282, 40, 665490, 111),
(1283, 6, 188001, 198),
(1284, 28, 999773, 373),
(1285, 13, 957261, 0),
(1286, 1, 999773, 0),
(1287, 4, 999773, 0),
(1288, 31, 816558, 206),
(1289, 12, 771193, 138),
(1290, 5, 999773, 0),
(1291, 37, 353210, 29),
(1292, 13, 771193, 150),
(1293, 23, 175460, 126),
(1294, 27, 771193, 182),
(1295, 31, 771193, 214),
(1296, 46, 577823, 18),
(1297, 17, 771193, 26),
(1298, 46, 577823, 6),
(1299, 4, 413984, 201),
(1300, 13, 771193, 0),
(1301, 45, 124782, 234),
(1302, 38, 293652, 78),
(1303, 4, 413984, 401),
(1304, 24, 124782, 198),
(1305, 7, 771193, 0),
(1306, 46, 413984, 12),
(1307, 45, 771193, 246),
(1308, 5, 977175, 162),
(1309, 27, 771193, 278),
(1310, 1, 413984, 84),
(1311, 20, 977175, 0),
(1312, 15, 196802, 275),
(1313, 45, 771193, 246),
(1314, 15, 413984, 382),
(1315, 30, 284902, 416),
(1316, 15, 196802, 57),
(1317, 40, 123588, 0),
(1318, 13, 413984, 30),
(1319, 23, 123588, 102),
(1320, 9, 284902, 264),
(1321, 9, 413984, 162),
(1322, 23, 413984, 42),
(1323, 44, 284902, 428),
(1324, 39, 123588, 0),
(1325, 33, 284902, 221),
(1327, 40, 391572, 0),
(1328, 19, 284902, 238),
(1329, 14, 391572, 82),
(1330, 35, 284902, 279),
(1331, 7, 391572, 0),
(1332, 1, 284902, 270),
(1333, 1, 391572, 0),
(1334, 20, 284902, 0),
(1335, 8, 391572, 0),
(1336, 26, 641978, 38),
(1337, 40, 545543, 354),
(1338, 40, 545543, 373),
(1339, 2, 545543, 66),
(1340, 28, 723541, 198),
(1341, 13, 831197, 168),
(1342, 36, 641421, 35),
(1343, 28, 545543, 382),
(1344, 10, 161461, 413),
(1345, 10, 161461, 467),
(1346, 25, 161461, 13),
(1347, 20, 161461, 0),
(1348, 33, 592149, 169),
(1349, 19, 231349, 325),
(1350, 37, 846083, 490),
(1351, 19, 231349, 157),
(1352, 5, 203558, 2),
(1353, 18, 283256, 28),
(1354, 18, 283256, 179),
(1355, 9, 464009, 234),
(1356, 41, 829475, 66),
(1357, 35, 283256, 262),
(1358, 34, 283256, 235),
(1359, 45, 464009, 276),
(1360, 4, 283256, 413),
(1361, 12, 180146, 282),
(1362, 43, 464009, 11),
(1363, 14, 765890, 69),
(1364, 43, 283256, 40),
(1365, 41, 180146, 258),
(1366, 6, 938437, 24),
(1367, 35, 464009, 151),
(1368, 35, 283256, 295),
(1369, 14, 765890, 232),
(1370, 23, 180146, 30),
(1371, 31, 283256, 211),
(1372, 6, 938437, 132),
(1373, 33, 303778, 0),
(1374, 30, 458438, 414),
(1375, 13, 180146, 0),
(1376, 14, 283256, 188),
(1377, 14, 765890, 195),
(1378, 21, 566108, 56),
(1379, 35, 938437, 99),
(1380, 30, 557427, 34),
(1381, 5, 180146, 0),
(1382, 13, 458438, 0),
(1383, 30, 557427, 402),
(1384, 41, 938437, 84),
(1385, 21, 566108, 32),
(1386, 14, 765890, 0),
(1387, 30, 557427, 391),
(1388, 45, 180146, 0),
(1389, 32, 684071, 23),
(1390, 40, 163149, 338),
(1391, 10, 220313, 452),
(1392, 45, 566108, 12),
(1393, 14, 765890, 15),
(1394, 30, 220313, 415),
(1395, 4, 557427, 26),
(1396, 24, 566108, 168),
(1397, 32, 684071, 11),
(1398, 9, 603654, 12),
(1399, 28, 566108, 398),
(1400, 14, 765890, 316),
(1401, 46, 220313, 6),
(1402, 8, 603654, 199),
(1403, 6, 566108, 0),
(1404, 24, 677101, 6),
(1405, 31, 530614, 160),
(1406, 9, 194747, 12),
(1407, 28, 530614, 393),
(1408, 46, 765890, 0),
(1409, 12, 168295, 72),
(1410, 20, 472529, 18),
(1411, 36, 134272, 472),
(1412, 34, 530614, 7),
(1413, 1, 855596, 18),
(1414, 7, 765890, 14),
(1415, 14, 134272, 389),
(1416, 17, 472529, 58),
(1417, 14, 134272, 392),
(1418, 4, 530614, 89),
(1419, 1, 855596, 0),
(1420, 18, 765890, 0),
(1421, 17, 472529, 8),
(1422, 41, 134272, 162),
(1423, 13, 472529, 0),
(1424, 5, 134272, 30),
(1425, 9, 134272, 356),
(1426, 15, 134272, 395),
(1427, 41, 700077, 0),
(1428, 13, 134272, 150),
(1429, 19, 700077, 169),
(1430, 4, 134272, 401),
(1431, 42, 700077, 204),
(1432, 16, 650787, 113),
(1433, 8, 309695, 0),
(1434, 42, 706767, 297),
(1435, 22, 910875, 0),
(1436, 16, 650787, 20),
(1437, 45, 706767, 0),
(1438, 22, 818059, 148),
(1439, 45, 706767, 467),
(1440, 16, 650787, 0),
(1441, 25, 706767, 316),
(1442, 43, 706767, 414),
(1443, 28, 818059, 379),
(1444, 8, 706767, 216),
(1445, 24, 702349, 156),
(1446, 35, 706767, 81),
(1447, 37, 502956, 35),
(1448, 32, 706767, 389),
(1450, 16, 366308, 32),
(1451, 30, 702349, 388),
(1452, 38, 706767, 297),
(1453, 36, 706767, 510),
(1454, 11, 366308, 6),
(1455, 45, 120570, 318),
(1456, 23, 706767, 306),
(1457, 23, 194489, 0),
(1458, 30, 702349, 412),
(1459, 37, 706767, 535),
(1460, 11, 366308, 174),
(1461, 22, 366308, 8),
(1462, 28, 120570, 393),
(1463, 44, 706767, 468),
(1464, 30, 706767, 408),
(1465, 40, 503446, 39),
(1466, 22, 366308, 188),
(1467, 5, 706767, 192),
(1468, 14, 925895, 325),
(1469, 30, 706767, 416),
(1470, 2, 366308, 0),
(1471, 24, 925895, 138),
(1472, 30, 503446, 400),
(1473, 30, 503446, 400),
(1474, 30, 503446, 400),
(1475, 30, 503446, 400),
(1476, 30, 503446, 400),
(1477, 30, 503446, 400),
(1478, 30, 503446, 400),
(1479, 30, 503446, 400),
(1480, 43, 507514, 17),
(1481, 30, 503446, 400),
(1482, 30, 503446, 400),
(1483, 30, 503446, 400),
(1484, 30, 503446, 400),
(1485, 30, 503446, 400),
(1486, 30, 503446, 400),
(1487, 30, 503446, 400),
(1488, 30, 503446, 400),
(1489, 30, 503446, 400),
(1490, 30, 503446, 400),
(1491, 30, 503446, 400),
(1492, 30, 503446, 400),
(1493, 30, 503446, 400),
(1494, 30, 503446, 400),
(1495, 30, 503446, 400),
(1496, 30, 503446, 400),
(1497, 30, 503446, 400),
(1498, 30, 503446, 400),
(1499, 30, 503446, 400),
(1500, 30, 503446, 400),
(1501, 30, 503446, 400),
(1502, 30, 503446, 400),
(1503, 30, 503446, 400),
(1504, 30, 503446, 400),
(1505, 30, 503446, 400),
(1506, 30, 503446, 400),
(1507, 30, 503446, 400),
(1508, 27, 365795, 296),
(1509, 30, 503446, 400),
(1510, 30, 503446, 400),
(1511, 12, 366308, 138),
(1512, 31, 494970, 188),
(1513, 12, 366308, 314),
(1514, 9, 365795, 132),
(1515, 33, 821087, 29),
(1516, 22, 366308, 128),
(1517, 18, 192360, 205),
(1518, 15, 721176, 26),
(1519, 27, 821087, 62),
(1520, 26, 365795, 358),
(1521, 9, 889437, 12),
(1522, 30, 494970, 348),
(1523, 41, 366308, 114),
(1524, 24, 494970, 12),
(1525, 33, 365795, 17),
(1526, 9, 889437, 346),
(1527, 15, 721176, 26),
(1528, 2, 192360, 112),
(1529, 41, 366308, 114),
(1530, 29, 889437, 345),
(1531, 34, 192360, 232),
(1532, 46, 494970, 0),
(1533, 43, 365795, 5),
(1534, 27, 365795, 299),
(1535, 26, 889437, 372),
(1536, 7, 311000, 82),
(1537, 34, 889437, 239),
(1538, 29, 889437, 347),
(1539, 42, 365795, 227),
(1540, 7, 311000, 0),
(1541, 10, 575183, 72),
(1542, 2, 365795, 0),
(1543, 39, 575183, 20),
(1544, 40, 365795, 9),
(1545, 43, 575183, 233),
(1546, 10, 365795, 0),
(1548, 3, 365795, 248),
(1549, 6, 543013, 12),
(1550, 6, 543013, 0),
(1551, 43, 365795, 40),
(1552, 1, 134153, 30),
(1553, 15, 365795, 158),
(1554, 9, 569495, 12),
(1555, 41, 365795, 288),
(1556, 11, 213009, 174),
(1557, 42, 416771, 163),
(1558, 44, 416771, 308),
(1559, 34, 416771, 226),
(1560, 26, 416771, 195),
(1561, 38, 664977, 60),
(1562, 30, 416771, 415),
(1563, 23, 416771, 308),
(1564, 41, 644735, 60),
(1565, 38, 664977, 6),
(1566, 21, 939109, 0),
(1567, 39, 416771, 246),
(1568, 6, 315199, 102),
(1569, 10, 664977, 54),
(1570, 21, 939109, 0),
(1571, 2, 416771, 0),
(1572, 3, 315199, 24),
(1573, 35, 664977, 75),
(1574, 42, 416771, 58),
(1575, 34, 416771, 243),
(1576, 27, 416771, 270),
(1577, 44, 664977, 22),
(1578, 35, 628623, 0),
(1580, 45, 555903, 330),
(1581, 6, 555903, 204),
(1582, 41, 220498, 289),
(1583, 41, 555903, 12),
(1584, 34, 220498, 237),
(1585, 1, 677433, 108),
(1586, 3, 555903, 302),
(1587, 40, 220498, 54),
(1588, 39, 881572, 20),
(1589, 17, 881572, 38),
(1590, 36, 881572, 34),
(1591, 3, 129450, 315),
(1592, 5, 129450, 200),
(1593, 32, 881572, 198),
(1594, 32, 881572, 383),
(1595, 46, 881572, 444),
(1596, 34, 881572, 7),
(1597, 31, 881572, 211),
(1598, 32, 881572, 386),
(1599, 4, 881572, 120),
(1600, 38, 881572, 0),
(1601, 30, 881572, 414),
(1602, 31, 881572, 212),
(1603, 32, 881572, 389),
(1604, 4, 913851, 307),
(1605, 5, 881572, 194),
(1606, 9, 913851, 42),
(1607, 15, 913851, 201),
(1608, 30, 913851, 415),
(1609, 8, 913851, 82),
(1610, 19, 913851, 145),
(1611, 45, 134601, 464),
(1612, 16, 134601, 394),
(1613, 35, 913851, 5),
(1614, 30, 913851, 418),
(1615, 15, 134601, 358),
(1616, 9, 134601, 318),
(1617, 2, 913851, 130),
(1618, 5, 134601, 218),
(1619, 5, 134601, 218),
(1620, 31, 633163, 195),
(1621, 28, 134601, 402),
(1622, 1, 112775, 0),
(1623, 23, 633163, 0),
(1624, 34, 134601, 230),
(1625, 1, 112775, 6),
(1626, 37, 134601, 547),
(1627, 32, 129377, 387),
(1628, 46, 134601, 60),
(1629, 35, 129377, 174),
(1630, 1, 638818, 30),
(1631, 24, 134601, 228),
(1632, 25, 543599, 7),
(1633, 39, 543599, 2),
(1634, 1, 543599, 144),
(1635, 1, 543599, 285),
(1636, 46, 543599, 24),
(1637, 28, 543599, 399),
(1638, 6, 543599, 234),
(1639, 34, 845907, 63),
(1640, 19, 644802, 138),
(1641, 10, 845907, 6),
(1642, 10, 845907, 204),
(1643, 37, 845907, 40),
(1644, 10, 148334, 48),
(1645, 43, 845907, 134),
(1646, 18, 568590, 54),
(1647, 45, 666100, 18),
(1648, 30, 845907, 28),
(1649, 18, 568590, 202),
(1650, 24, 592612, 12),
(1651, 30, 845907, 382),
(1652, 6, 568590, 84),
(1653, 45, 568590, 378),
(1654, 7, 845907, 69),
(1655, 26, 362442, 169),
(1656, 4, 568590, 417),
(1657, 26, 362442, 151),
(1658, 33, 568590, 420),
(1659, 12, 845907, 36),
(1660, 46, 362442, 0),
(1661, 31, 362442, 210),
(1662, 37, 362442, 46),
(1663, 44, 845907, 188),
(1664, 45, 362442, 0),
(1665, 44, 845907, 456),
(1666, 1, 362442, 0),
(1667, 10, 362442, 462),
(1668, 27, 549723, 283),
(1669, 13, 362442, 18),
(1670, 6, 549723, 12),
(1671, 12, 362442, 144),
(1672, 18, 845907, 22),
(1673, 27, 362442, 280),
(1674, 6, 549723, 475),
(1675, 32, 362442, 52),
(1676, 8, 549723, 0),
(1677, 35, 728135, 198),
(1678, 12, 362442, 307),
(1679, 8, 549723, 194),
(1680, 19, 362442, 26),
(1681, 35, 728135, 261),
(1682, 14, 326135, 250),
(1683, 46, 549723, 210),
(1684, 29, 362442, 233),
(1685, 18, 845907, 0),
(1686, 35, 728135, 265),
(1687, 12, 362442, 314),
(1688, 46, 549723, 454),
(1689, 14, 326135, 114),
(1690, 38, 728135, 258),
(1691, 7, 362442, 219),
(1692, 2, 549723, 222),
(1693, 14, 326135, 0),
(1694, 3, 506575, 188),
(1695, 40, 362442, 353),
(1696, 14, 326135, 349),
(1697, 2, 549723, 264),
(1698, 30, 362442, 406),
(1700, 36, 506575, 63),
(1701, 4, 326135, 76),
(1702, 39, 362442, 166),
(1703, 37, 506575, 0),
(1704, 4, 326135, 151),
(1705, 17, 326135, 0),
(1706, 44, 362442, 388),
(1707, 37, 506575, 80),
(1708, 21, 362442, 50),
(1709, 17, 326135, 96),
(1710, 42, 506575, 198),
(1711, 23, 248050, 174),
(1712, 22, 506575, 22),
(1713, 35, 362442, 168),
(1714, 16, 326135, 0),
(1716, 23, 362442, 270),
(1717, 28, 326135, 110),
(1718, 14, 362442, 169),
(1719, 2, 506575, 262),
(1720, 28, 326135, 378),
(1721, 15, 887305, 95),
(1722, 28, 326135, 379),
(1723, 18, 362442, 28),
(1724, 12, 506575, 84),
(1725, 40, 887305, 39),
(1726, 33, 362442, 23),
(1727, 17, 506575, 237),
(1728, 16, 326135, 1),
(1729, 40, 887305, 177),
(1730, 18, 506575, 168),
(1731, 42, 326135, 0),
(1733, 9, 887305, 361),
(1734, 10, 506575, 458),
(1735, 34, 845907, 44),
(1736, 42, 326135, 327),
(1737, 20, 362442, 30),
(1738, 7, 887305, 240),
(1739, 35, 506575, 268),
(1740, 34, 845907, 132),
(1741, 21, 887305, 0),
(1742, 34, 506575, 231),
(1743, 21, 326135, 6),
(1744, 1, 362442, 54),
(1745, 31, 887305, 214),
(1746, 28, 326135, 399),
(1747, 21, 506575, 0),
(1748, 21, 362442, 116),
(1749, 5, 326135, 192),
(1750, 2, 887305, 98),
(1751, 40, 506575, 0),
(1752, 6, 362442, 126),
(1753, 21, 887305, 0),
(1754, 15, 326135, 0),
(1755, 14, 506575, 369),
(1756, 38, 362442, 228),
(1757, 3, 887305, 70),
(1758, 33, 506575, 0),
(1759, 20, 887305, 0),
(1760, 11, 362442, 258),
(1761, 5, 189296, 94),
(1762, 14, 506575, 367),
(1763, 18, 887305, 148),
(1764, 26, 362442, 344),
(1765, 30, 887305, 413),
(1766, 23, 339177, 78),
(1767, 19, 189296, 1),
(1768, 21, 887305, 0),
(1769, 23, 362442, 301),
(1770, 23, 339177, 290),
(1771, 26, 887305, 27),
(1772, 10, 362442, 474),
(1773, 23, 339177, 271),
(1774, 14, 887305, 132),
(1775, 25, 887305, 20),
(1776, 37, 573073, 52),
(1777, 46, 887305, 198),
(1778, 11, 863309, 306),
(1779, 5, 887305, 185),
(1780, 11, 863309, 290),
(1781, 28, 887305, 387),
(1782, 8, 863309, 32),
(1783, 6, 754480, 480),
(1784, 14, 754480, 369),
(1785, 14, 754480, 378),
(1786, 20, 794517, 0),
(1787, 30, 754480, 411),
(1788, 26, 679862, 244),
(1789, 20, 794517, 76),
(1790, 20, 794517, 0),
(1791, 26, 679862, 45),
(1792, 20, 794517, 0),
(1793, 26, 679862, 324),
(1794, 20, 794517, 155),
(1795, 8, 679862, 2),
(1796, 45, 995957, 390),
(1797, 31, 497516, 203),
(1798, 31, 497516, 0),
(1799, 22, 679862, 48),
(1800, 40, 995957, 213),
(1801, 18, 460122, 74),
(1802, 31, 497516, 190),
(1803, 31, 497516, 152),
(1804, 10, 995957, 42),
(1805, 31, 497516, 169),
(1806, 36, 995957, 373),
(1807, 31, 497516, 146),
(1808, 19, 995957, 175),
(1809, 17, 863309, 250),
(1810, 44, 995957, 388),
(1811, 11, 863309, 0),
(1812, 1, 995957, 60),
(1813, 6, 863309, 198),
(1814, 26, 863309, 26),
(1815, 39, 995957, 120),
(1816, 15, 995957, 119),
(1817, 30, 616285, 404),
(1818, 28, 616285, 58),
(1819, 30, 616285, 412),
(1820, 4, 863309, 170),
(1821, 19, 616285, 213),
(1822, 32, 616285, 98),
(1823, 13, 616285, 30),
(1824, 44, 602270, 308),
(1825, 41, 602270, 282),
(1826, 14, 712249, 44),
(1827, 35, 500016, 298),
(1828, 31, 500016, 214),
(1829, 44, 380284, 16),
(1830, 9, 140366, 6),
(1831, 11, 140366, 286),
(1832, 46, 322676, 60),
(1833, 45, 529275, 372),
(1834, 15, 369714, 26),
(1835, 23, 450129, 12),
(1836, 10, 450129, 36),
(1837, 22, 450129, 0),
(1838, 3, 450129, 0),
(1839, 43, 450129, 0),
(1840, 5, 549253, 68),
(1841, 2, 450129, 0),
(1842, 5, 549253, 0),
(1843, 29, 450129, 17),
(1844, 29, 549253, 40),
(1845, 29, 450129, 303),
(1846, 18, 549253, 0),
(1847, 31, 810713, 210),
(1848, 18, 549253, 36),
(1849, 31, 810713, 210),
(1850, 23, 810713, 72),
(1851, 19, 549253, 13),
(1852, 34, 810713, 2),
(1853, 21, 549253, 50),
(1854, 11, 810713, 0),
(1855, 17, 549253, 138),
(1856, 25, 810713, 0),
(1857, 41, 810713, 288),
(1858, 26, 549253, 145),
(1859, 23, 549253, 174),
(1860, 38, 507642, 144),
(1861, 27, 810713, 38),
(1862, 39, 549253, 0),
(1863, 27, 163907, 0),
(1864, 5, 549253, 22),
(1865, 27, 163907, 0),
(1866, 39, 549253, 528),
(1867, 2, 549253, 116),
(1868, 9, 549253, 78),
(1869, 1, 549253, 90),
(1870, 35, 549253, 122),
(1871, 22, 549253, 88),
(1872, 5, 549253, 2),
(1873, 5, 549253, 148),
(1874, 17, 549253, 1),
(1875, 42, 549253, 356),
(1876, 21, 329619, 0),
(1877, 26, 549253, 0),
(1878, 29, 549253, 303),
(1879, 32, 549253, 81),
(1880, 6, 549253, 24),
(1881, 3, 771034, 314),
(1882, 26, 549253, 0),
(1883, 33, 667837, 28),
(1884, 31, 549253, 211),
(1885, 9, 158729, 355),
(1886, 15, 667837, 14),
(1887, 16, 158729, 76),
(1888, 40, 549253, 189),
(1889, 1, 667837, 90),
(1890, 2, 560547, 242),
(1891, 14, 549253, 269),
(1892, 33, 667837, 17),
(1893, 33, 158729, 233),
(1894, 5, 667837, 36),
(1895, 19, 158729, 194),
(1896, 11, 667837, 0),
(1897, 27, 158729, 293),
(1898, 24, 376084, 6),
(1899, 26, 667837, 195),
(1900, 9, 393968, 18),
(1901, 27, 158729, 285),
(1902, 23, 887656, 48),
(1903, 28, 667837, 397),
(1904, 17, 376084, 1),
(1905, 24, 667837, 216),
(1906, 20, 262362, 0),
(1907, 11, 376084, 0),
(1908, 12, 626545, 258),
(1909, 12, 158729, 228),
(1910, 32, 667837, 10),
(1911, 8, 536939, 62),
(1912, 32, 158729, 379),
(1913, 26, 262362, 373),
(1914, 9, 667837, 252),
(1915, 29, 376084, 93),
(1916, 4, 536939, 95),
(1917, 37, 158729, 526),
(1918, 36, 262362, 320),
(1919, 30, 158729, 410),
(1920, 45, 376084, 6),
(1921, 42, 262362, 339),
(1922, 27, 718396, 0),
(1923, 34, 262362, 231),
(1924, 34, 262362, 242),
(1925, 31, 421653, 214),
(1926, 15, 376084, 0),
(1927, 28, 412615, 394),
(1928, 9, 262362, 288),
(1929, 37, 421653, 0),
(1930, 22, 262362, 162),
(1931, 42, 721099, 169),
(1932, 22, 421653, 82),
(1933, 31, 421653, 217),
(1934, 44, 376084, 548),
(1935, 27, 262362, 290),
(1936, 24, 376084, 96),
(1937, 42, 421653, 5),
(1938, 32, 262362, 256),
(1939, 14, 412615, 13),
(1940, 40, 421653, 346),
(1941, 5, 262362, 176),
(1942, 43, 314902, 0),
(1943, 32, 412615, 15),
(1944, 11, 421653, 6),
(1945, 9, 262362, 348),
(1946, 30, 262362, 417),
(1947, 10, 314902, 36),
(1948, 25, 421653, 51),
(1949, 14, 262362, 394),
(1950, 14, 262362, 378),
(1951, 46, 314902, 102),
(1952, 27, 262362, 303),
(1953, 43, 751067, 17),
(1954, 36, 314902, 0),
(1955, 14, 314902, 82),
(1956, 15, 751067, 226),
(1957, 42, 262362, 355),
(1958, 29, 314902, 364),
(1959, 20, 412615, 0),
(1960, 28, 262362, 402),
(1961, 13, 751067, 66),
(1962, 20, 314902, 32),
(1963, 13, 751067, 36),
(1964, 37, 314902, 27),
(1965, 36, 751067, 0),
(1966, 36, 314902, 0),
(1967, 5, 262362, 206),
(1968, 24, 314902, 66),
(1969, 8, 751067, 168),
(1970, 18, 262362, 191),
(1971, 32, 314902, 98),
(1972, 44, 513756, 234),
(1973, 14, 262362, 395),
(1974, 39, 751067, 458),
(1975, 35, 314902, 0),
(1976, 31, 262362, 194),
(1977, 29, 751067, 250),
(1978, 27, 262362, 304),
(1979, 3, 262362, 325),
(1980, 16, 751067, 232),
(1981, 19, 641452, 300),
(1982, 6, 262362, 482),
(1983, 30, 262362, 420),
(1984, 19, 641452, 107),
(1985, 28, 154231, 404),
(1986, 14, 154231, 397),
(1987, 30, 154231, 421),
(1988, 10, 208206, 0),
(1989, 31, 154231, 212),
(1991, 3, 154231, 324),
(1992, 19, 641452, 220),
(1993, 25, 154231, 300),
(1994, 19, 641452, 133),
(1995, 29, 468035, 345),
(1996, 1, 971252, 150),
(1997, 24, 260181, 30),
(1998, 19, 641452, 121),
(1999, 19, 641452, 316),
(2000, 16, 641452, 7),
(2001, 42, 522772, 52),
(2002, 34, 405238, 57),
(2003, 11, 405238, 0),
(2004, 17, 405238, 69),
(2005, 12, 405238, 138),
(2006, 28, 818638, 385),
(2007, 28, 818638, 387),
(2008, 28, 818638, 0),
(2009, 3, 745582, 22),
(2010, 3, 745582, 0),
(2011, 33, 639234, 35),
(2012, 15, 565540, 88),
(2013, 22, 356949, 202),
(2014, 17, 356949, 126),
(2015, 5, 525543, 0),
(2016, 11, 435747, 6),
(2017, 10, 435747, 455),
(2018, 24, 435747, 102),
(2019, 22, 435747, 196),
(2020, 20, 901094, 10),
(2021, 9, 435747, 348),
(2022, 10, 435747, 470),
(2023, 19, 435747, 132),
(2024, 29, 435747, 11),
(2025, 42, 435747, 358),
(2026, 44, 435747, 342),
(2027, 36, 435747, 396),
(2028, 31, 652662, 207),
(2029, 26, 301973, 44),
(2030, 35, 262316, 17),
(2031, 13, 754198, 6),
(2032, 35, 262316, 257),
(2033, 35, 262316, 274),
(2034, 15, 622615, 377),
(2035, 12, 262316, 30),
(2036, 42, 638401, 58),
(2037, 35, 622615, 34),
(2038, 22, 638401, 134),
(2039, 45, 262316, 12),
(2040, 35, 622615, 34),
(2041, 41, 638401, 290),
(2042, 45, 262316, 432),
(2043, 35, 622615, 255),
(2044, 25, 638401, 13),
(2045, 38, 262316, 198),
(2046, 37, 622615, 535),
(2047, 38, 262316, 304),
(2048, 37, 622615, 519),
(2049, 37, 622615, 520),
(2050, 2, 262316, 0),
(2051, 5, 622615, 42),
(2052, 9, 320191, 114),
(2053, 9, 320191, 96),
(2054, 9, 320191, 0),
(2055, 46, 320191, 6),
(2056, 8, 320191, 122),
(2057, 42, 320191, 23),
(2058, 18, 662689, 88),
(2059, 37, 662689, 86),
(2060, 40, 227828, 3),
(2061, 7, 227828, 95),
(2062, 13, 227828, 6),
(2063, 25, 227828, 189),
(2064, 6, 227828, 354),
(2065, 6, 227828, 476),
(2066, 41, 798836, 36),
(2067, 19, 184094, 119),
(2068, 8, 184094, 0),
(2069, 39, 184094, 72),
(2070, 40, 184094, 324),
(2071, 27, 184094, 281),
(2072, 40, 463686, 0),
(2073, 2, 184094, 0),
(2074, 21, 184094, 0),
(2075, 16, 184094, 0),
(2076, 16, 184094, 264),
(2077, 8, 184094, 195),
(2078, 35, 184094, 86),
(2079, 29, 184094, 0),
(2080, 45, 896556, 0),
(2081, 15, 702156, 32),
(2082, 36, 702156, 499),
(2083, 41, 702156, 228),
(2084, 34, 702156, 213),
(2085, 30, 702156, 411),
(2086, 22, 702156, 94),
(2087, 39, 777954, 94),
(2088, 22, 777954, 94),
(2089, 11, 777954, 298),
(2090, 40, 384069, 174),
(2091, 21, 513043, 30),
(2092, 40, 384069, 342),
(2093, 21, 513043, 0),
(2094, 30, 513043, 415),
(2095, 31, 331902, 216),
(2096, 22, 665223, 134),
(2097, 11, 323994, 12),
(2098, 26, 323994, 219),
(2099, 6, 323994, 204),
(2100, 16, 323994, 26),
(2101, 37, 691803, 525),
(2102, 10, 691803, 457),
(2103, 29, 991649, 87),
(2104, 9, 851213, 18),
(2105, 4, 689881, 415),
(2106, 18, 691803, 154),
(2107, 17, 623368, 259),
(2108, 15, 623368, 391),
(2109, 5, 691803, 174),
(2110, 18, 691803, 0),
(2111, 34, 691803, 144),
(2112, 9, 747585, 234),
(2113, 9, 747585, 42),
(2114, 24, 747585, 204),
(2115, 45, 747585, 18),
(2116, 33, 747585, 17),
(2117, 35, 747585, 116),
(2118, 37, 953219, 34),
(2119, 15, 953219, 15),
(2120, 25, 985347, 14),
(2121, 5, 985347, 64),
(2122, 42, 985347, 309),
(2123, 16, 985347, 263),
(2124, 23, 985347, 162),
(2125, 6, 985347, 480),
(2126, 19, 985347, 0),
(2127, 10, 985347, 425),
(2128, 9, 985347, 228),
(2129, 20, 985347, 58),
(2130, 15, 985347, 164),
(2131, 41, 985347, 66),
(2132, 9, 985347, 288),
(2133, 31, 985347, 212),
(2134, 5, 985347, 200),
(2135, 46, 985347, 0),
(2136, 15, 985347, 0),
(2137, 31, 985347, 208),
(2138, 38, 985347, 102),
(2139, 12, 985347, 264),
(2140, 46, 985347, 108),
(2141, 37, 985347, 197),
(2142, 2, 985347, 66),
(2143, 17, 193004, 14),
(2144, 42, 193004, 46),
(2145, 19, 193004, 384),
(2146, 8, 193004, 122),
(2147, 20, 193004, 84),
(2148, 25, 193004, 0),
(2149, 24, 193004, 126),
(2150, 5, 193004, 150),
(2151, 19, 193004, 364),
(2152, 17, 193004, 207),
(2153, 10, 193004, 482),
(2154, 30, 193004, 410),
(2155, 2, 193004, 162),
(2156, 26, 193004, 139),
(2157, 13, 193004, 192),
(2158, 14, 193004, 245),
(2159, 22, 193004, 142),
(2160, 24, 193004, 198),
(2161, 13, 193004, 162),
(2162, 7, 193004, 157),
(2163, 28, 193004, 382),
(2165, 32, 193004, 81),
(2166, 34, 193004, 238),
(2167, 29, 193004, 151),
(2168, 14, 193004, 385),
(2169, 13, 193004, 96),
(2170, 18, 193004, 192),
(2171, 17, 193004, 7),
(2172, 42, 193004, 104),
(2173, 37, 663544, 539),
(2174, 37, 663544, 487),
(2175, 4, 663544, 114),
(2176, 4, 663544, 89),
(2177, 4, 946743, 69),
(2178, 33, 613765, 93),
(2179, 4, 663544, 59),
(2180, 33, 613765, 0),
(2181, 4, 946743, 51),
(2182, 4, 663544, 0),
(2183, 28, 663544, 397),
(2184, 19, 454259, 369),
(2185, 4, 946743, 89),
(2186, 28, 454259, 400),
(2187, 32, 663544, 40),
(2188, 28, 454259, 364),
(2189, 4, 946743, 308),
(2190, 13, 454259, 0),
(2191, 23, 454259, 294),
(2192, 4, 946743, 271),
(2193, 23, 454259, 299),
(2194, 1, 385638, 78),
(2195, 4, 454259, 380),
(2196, 4, 454259, 400),
(2197, 30, 454259, 416),
(2198, 15, 474203, 372),
(2199, 24, 474203, 204),
(2200, 24, 474203, 296),
(2201, 16, 474203, 7),
(2202, 16, 474203, 381),
(2203, 16, 775066, 0),
(2204, 16, 577953, 45),
(2205, 28, 544053, 395),
(2206, 4, 544053, 213),
(2207, 9, 544053, 102),
(2208, 45, 658454, 330),
(2209, 45, 658454, 180),
(2210, 24, 543981, 289),
(2211, 24, 543981, 0),
(2212, 24, 543981, 287),
(2213, 24, 543981, 276),
(2214, 42, 543981, 227),
(2215, 22, 543981, 28),
(2216, 22, 543981, 201),
(2217, 8, 543981, 82),
(2218, 23, 926107, 216),
(2219, 5, 926107, 0),
(2220, 18, 621944, 8),
(2221, 34, 622615, 119),
(2222, 34, 622615, 26),
(2223, 34, 622615, 89),
(2224, 34, 622615, 205),
(2225, 25, 622615, 150),
(2226, 7, 622615, 1),
(2227, 7, 622615, 0),
(2228, 35, 938481, 5),
(2229, 36, 622615, 0),
(2230, 2, 404150, 28),
(2231, 27, 622615, 240),
(2232, 11, 625326, 174),
(2233, 42, 494500, 362),
(2234, 26, 494500, 7),
(2235, 6, 915597, 6),
(2236, 35, 494500, 293),
(2237, 38, 915597, 307),
(2238, 36, 915597, 472),
(2239, 46, 494500, 264),
(2240, 46, 494500, 457),
(2241, 44, 915597, 16),
(2242, 45, 494500, 470),
(2244, 13, 494500, 276),
(2245, 24, 494500, 240),
(2246, 12, 494500, 283),
(2247, 29, 494500, 11),
(2248, 22, 494500, 195),
(2249, 30, 494500, 416),
(2250, 37, 494500, 522),
(2251, 1, 494500, 289),
(2252, 3, 494500, 322),
(2253, 1, 273510, 84),
(2254, 1, 273510, 60),
(2255, 42, 494500, 362),
(2256, 5, 494500, 191),
(2257, 1, 273510, 78),
(2258, 14, 494500, 390),
(2259, 1, 273510, 12),
(2260, 1, 273510, 108),
(2261, 34, 737597, 175),
(2262, 42, 111613, 93),
(2263, 32, 737597, 392),
(2264, 42, 111613, 309),
(2265, 22, 111613, 134),
(2266, 17, 111613, 188),
(2267, 45, 111613, 36),
(2268, 19, 111613, 238),
(2269, 23, 111613, 300),
(2270, 24, 111613, 48),
(2271, 20, 111613, 102),
(2272, 21, 590354, 42),
(2273, 21, 893069, 74),
(2274, 21, 893069, 0),
(2275, 26, 802463, 325),
(2276, 41, 802463, 54),
(2277, 36, 952339, 499),
(2278, 31, 952339, 208),
(2279, 24, 952339, 305),
(2280, 17, 952339, 170),
(2281, 10, 815225, 445),
(2282, 15, 815225, 307),
(2283, 15, 942732, 101),
(2284, 12, 343672, 78),
(2285, 9, 343672, 162),
(2286, 12, 843467, 18),
(2287, 35, 843467, 215),
(2288, 1, 749270, 48),
(2289, 1, 749270, 36),
(2290, 1, 749270, 296),
(2291, 32, 260096, 99),
(2292, 1, 749270, 314),
(2293, 1, 749270, 312),
(2294, 32, 260096, 81),
(2295, 1, 749270, 308),
(2296, 32, 853703, 180),
(2297, 7, 923139, 144),
(2298, 38, 672786, 306),
(2299, 26, 523470, 157),
(2300, 18, 360384, 2),
(2301, 6, 736176, 114),
(2302, 1, 705603, 12),
(2303, 45, 930956, 458),
(2304, 1, 705603, 18),
(2305, 22, 920396, 94),
(2306, 28, 364939, 395),
(2307, 45, 840083, 467),
(2308, 1, 290498, 132),
(2309, 19, 599001, 194),
(2310, 1, 290498, 174),
(2311, 20, 607385, 2),
(2312, 5, 781058, 48),
(2313, 10, 781058, 0),
(2314, 6, 815765, 54),
(2315, 6, 815765, 192),
(2316, 10, 815765, 0),
(2317, 7, 436909, 240),
(2318, 46, 815765, 0),
(2319, 8, 815765, 70),
(2320, 29, 815765, 75),
(2321, 31, 815765, 205),
(2322, 14, 815765, 213),
(2323, 40, 815765, 0),
(2324, 23, 815765, 66),
(2325, 40, 815765, 3),
(2326, 45, 815765, 324),
(2327, 32, 815765, 0),
(2328, 8, 567173, 0),
(2329, 8, 567173, 44),
(2330, 8, 567173, 90),
(2331, 4, 567173, 1),
(2332, 23, 567173, 305),
(2333, 33, 567173, 402),
(2334, 33, 567173, 174),
(2335, 25, 567173, 95),
(2336, 40, 567173, 159),
(2337, 3, 567173, 210),
(2338, 37, 567173, 523),
(2339, 4, 567173, 0),
(2340, 29, 567173, 46),
(2341, 38, 567173, 24),
(2342, 38, 567173, 30),
(2343, 28, 189621, 399),
(2344, 34, 189621, 239),
(2345, 19, 567173, 13),
(2346, 19, 189621, 332),
(2347, 41, 567173, 291),
(2348, 28, 189621, 402),
(2349, 3, 567173, 320),
(2350, 28, 567173, 401),
(2351, 17, 189621, 1),
(2352, 21, 567173, 44),
(2353, 41, 189621, 0),
(2354, 21, 567173, 36),
(2355, 8, 189621, 0),
(2356, 33, 942980, 35),
(2357, 6, 567173, 96),
(2358, 25, 189621, 307),
(2359, 31, 189621, 207),
(2360, 33, 942980, 23),
(2361, 32, 189621, 376),
(2362, 34, 468070, 76),
(2363, 25, 567539, 7),
(2364, 29, 567539, 245),
(2365, 34, 567539, 230),
(2366, 26, 567539, 138),
(2367, 26, 567539, 51),
(2368, 30, 868625, 68),
(2369, 30, 868625, 402),
(2370, 22, 868625, 128),
(2371, 17, 567539, 14),
(2372, 17, 567539, 250),
(2373, 5, 567539, 196),
(2374, 34, 567539, 151),
(2375, 34, 567539, 233),
(2376, 18, 567539, 136),
(2377, 18, 567539, 182),
(2378, 9, 246976, 72),
(2379, 41, 567539, 308),
(2380, 21, 246976, 24),
(2381, 6, 567539, 474),
(2382, 18, 246976, 62),
(2383, 23, 567539, 84),
(2384, 35, 982362, 267),
(2385, 46, 283657, 324),
(2386, 17, 982362, 1),
(2387, 9, 982362, 168),
(2388, 35, 326605, 11),
(2389, 35, 283657, 17),
(2390, 35, 326605, 98),
(2391, 35, 283657, 281),
(2392, 40, 326605, 15),
(2393, 21, 283657, 0),
(2394, 18, 326605, 208),
(2395, 5, 283657, 174),
(2396, 25, 640272, 138),
(2397, 7, 283657, 38),
(2398, 1, 174693, 12),
(2399, 36, 283657, 64),
(2400, 12, 870575, 228),
(2401, 41, 283657, 264),
(2402, 12, 870575, 295),
(2403, 17, 654457, 207),
(2404, 17, 654457, 176),
(2405, 3, 434571, 319),
(2406, 3, 434571, 309),
(2407, 11, 717181, 186),
(2408, 16, 717181, 139),
(2409, 16, 717181, 51),
(2410, 45, 717181, 246),
(2411, 23, 717181, 108),
(2412, 14, 717181, 164),
(2413, 14, 717181, 0),
(2414, 37, 717181, 22),
(2415, 39, 717181, 114),
(2416, 5, 717181, 218),
(2417, 5, 717181, 207),
(2418, 20, 749641, 0),
(2419, 5, 717181, 172),
(2420, 10, 743703, 66),
(2421, 20, 749641, 0),
(2422, 22, 717181, 148),
(2423, 22, 717181, 203),
(2424, 10, 743703, 0),
(2425, 42, 743703, 93),
(2426, 42, 743703, 151),
(2427, 5, 743703, 196),
(2428, 43, 743703, 87),
(2429, 27, 743703, 62),
(2430, 46, 605516, 252),
(2431, 9, 743703, 324),
(2432, 9, 743703, 66),
(2433, 11, 946931, 312),
(2434, 1, 618121, 198),
(2435, 1, 618121, 6),
(2436, 9, 322546, 234),
(2437, 35, 334149, 17),
(2438, 35, 334149, 63),
(2439, 19, 921148, 7),
(2440, 46, 600933, 18),
(2441, 46, 553036, 12),
(2442, 46, 600933, 441),
(2443, 34, 600933, 209),
(2444, 34, 600933, 219),
(2445, 34, 600933, 219),
(2446, 34, 600933, 210),
(2447, 24, 600933, 66),
(2448, 41, 600933, 303),
(2449, 20, 600933, 16),
(2450, 28, 600933, 122),
(2451, 28, 600933, 0),
(2452, 28, 600933, 133),
(2453, 28, 600933, 329),
(2454, 19, 600933, 38),
(2455, 45, 600933, 198),
(2456, 3, 600933, 287),
(2457, 28, 600933, 398),
(2458, 18, 600933, 170),
(2459, 28, 600933, 401),
(2460, 13, 600933, 114),
(2461, 5, 600933, 203),
(2462, 31, 600933, 215),
(2463, 43, 600933, 104),
(2464, 3, 600933, 318),
(2465, 32, 970186, 58),
(2466, 25, 600933, 89),
(2467, 23, 754522, 180),
(2468, 33, 600933, 46),
(2469, 23, 754522, 290),
(2470, 29, 600933, 122),
(2471, 23, 754522, 286),
(2472, 23, 754522, 273),
(2473, 22, 600933, 0),
(2474, 23, 754522, 261),
(2475, 14, 927392, 38),
(2476, 4, 432091, 0),
(2477, 45, 852245, 222),
(2478, 27, 852245, 262),
(2479, 28, 852245, 17),
(2480, 27, 282171, 74),
(2481, 2, 355280, 0),
(2482, 2, 355280, 0),
(2483, 2, 355280, 0),
(2484, 2, 355280, 94),
(2485, 2, 355280, 154),
(2486, 2, 355280, 272),
(2487, 2, 355280, 332),
(2488, 28, 355280, 157),
(2489, 28, 355280, 209),
(2490, 37, 783305, 545),
(2491, 16, 783305, 313),
(2492, 3, 931677, 314),
(2493, 23, 931677, 301),
(2494, 46, 931677, 0),
(2495, 4, 307699, 1),
(2496, 45, 476646, 174),
(2497, 24, 476646, 300),
(2498, 27, 476646, 289),
(2499, 6, 746574, 24),
(2500, 12, 162872, 198),
(2501, 6, 783090, 276),
(2502, 41, 746574, 84),
(2503, 12, 162872, 302),
(2504, 6, 783090, 426),
(2505, 44, 746574, 508),
(2506, 44, 162872, 613),
(2507, 6, 783090, 0),
(2508, 27, 162872, 297),
(2509, 1, 746574, 258),
(2510, 6, 783090, 448),
(2511, 46, 746574, 6),
(2512, 19, 783090, 13),
(2513, 38, 730170, 300),
(2514, 8, 746574, 168),
(2515, 17, 783090, 0),
(2516, 34, 746574, 232),
(2517, 33, 730170, 75),
(2518, 16, 766110, 32),
(2519, 44, 730170, 610),
(2520, 11, 746574, 289),
(2521, 8, 766110, 172),
(2522, 13, 818724, 90),
(2523, 8, 730170, 189),
(2524, 13, 746574, 0),
(2525, 1, 766110, 60),
(2526, 40, 766110, 0),
(2527, 20, 766110, 0),
(2528, 4, 766110, 417),
(2529, 27, 766110, 130),
(2530, 29, 766110, 46),
(2531, 35, 766110, 293),
(2532, 45, 766110, 48),
(2533, 28, 293802, 151),
(2534, 12, 599087, 0),
(2535, 15, 293802, 376),
(2536, 2, 247955, 4),
(2537, 12, 599087, 0),
(2538, 25, 293802, 0),
(2539, 1, 289883, 12),
(2540, 12, 599087, 288),
(2541, 31, 293802, 0),
(2542, 2, 247955, 50),
(2543, 9, 293802, 162),
(2544, 26, 599087, 0),
(2545, 1, 289883, 0),
(2546, 41, 293802, 60),
(2547, 31, 366649, 212),
(2548, 7, 293802, 108),
(2549, 44, 293802, 106),
(2550, 34, 214261, 217);
INSERT INTO `tbl_scores` (`id`, `section_id`, `user_id`, `score`) VALUES
(2551, 4, 214261, 65),
(2552, 23, 214261, 120),
(2553, 46, 214261, 12),
(2554, 33, 669484, 291),
(2555, 24, 214261, 301),
(2556, 11, 750783, 54),
(2557, 11, 750783, 72),
(2558, 17, 696323, 19),
(2559, 25, 669451, 26),
(2560, 25, 669451, 38),
(2561, 1, 965095, 0),
(2562, 24, 253416, 240),
(2563, 1, 965095, 204),
(2564, 17, 253416, 13),
(2565, 1, 965095, 258),
(2566, 1, 965095, 144),
(2567, 20, 158909, 14),
(2568, 11, 721820, 0),
(2569, 11, 721820, 270),
(2570, 11, 721820, 300),
(2571, 17, 721820, 262),
(2572, 17, 721820, 260),
(2573, 26, 721820, 0),
(2574, 14, 721820, 207),
(2575, 44, 721820, 4),
(2576, 37, 452141, 163),
(2577, 6, 721820, 42),
(2578, 33, 176642, 110),
(2579, 6, 721820, 276),
(2580, 28, 820853, 395),
(2581, 2, 694771, 136),
(2582, 28, 820853, 367),
(2583, 2, 694771, 289),
(2584, 36, 820853, 0),
(2585, 41, 820853, 102),
(2586, 31, 820853, 205),
(2587, 1, 820853, 42),
(2588, 45, 159535, 12),
(2589, 6, 698475, 126),
(2590, 6, 698475, 461),
(2591, 29, 698475, 268),
(2592, 11, 698475, 282),
(2593, 1, 698475, 138),
(2594, 44, 698475, 594),
(2595, 46, 698475, 66),
(2596, 40, 698475, 234),
(2597, 10, 815029, 0),
(2598, 45, 698475, 445),
(2599, 12, 927532, 264),
(2600, 10, 815029, 264),
(2601, 3, 698475, 290),
(2602, 29, 927532, 279),
(2603, 9, 698475, 12),
(2604, 3, 815029, 90),
(2605, 15, 927532, 0),
(2606, 16, 927532, 0),
(2607, 5, 927532, 0),
(2608, 5, 927532, 0),
(2609, 22, 342176, 108),
(2610, 10, 218709, 0),
(2611, 25, 113577, 7),
(2612, 8, 113577, 88),
(2613, 38, 113577, 228),
(2614, 23, 295874, 294),
(2615, 43, 587550, 233),
(2616, 9, 935312, 351),
(2617, 16, 935312, 385),
(2618, 27, 537900, 279),
(2619, 15, 537900, 396),
(2620, 10, 537900, 485),
(2621, 2, 132877, 102),
(2622, 21, 537900, 150),
(2623, 38, 537900, 316),
(2624, 28, 537900, 373),
(2625, 7, 587252, 0),
(2626, 34, 587252, 243),
(2627, 19, 236257, 300),
(2628, 30, 587252, 415),
(2629, 10, 587252, 445),
(2630, 43, 490373, 28),
(2631, 22, 587252, 76),
(2632, 4, 587252, 422),
(2633, 14, 587252, 372),
(2634, 27, 587252, 284),
(2635, 40, 587252, 325),
(2636, 10, 587252, 493),
(2637, 9, 242619, 349),
(2638, 17, 242619, 14),
(2639, 45, 242619, 90),
(2640, 45, 242619, 288),
(2641, 34, 242619, 227),
(2642, 7, 242619, 95),
(2643, 10, 242619, 437),
(2644, 19, 983583, 69),
(2645, 45, 242619, 432),
(2646, 8, 242619, 96),
(2647, 19, 983583, 163),
(2648, 19, 242619, 0),
(2649, 19, 242619, 378),
(2650, 14, 242619, 83),
(2651, 19, 242619, 373),
(2652, 17, 242619, 170),
(2653, 19, 242619, 392),
(2654, 29, 649163, 341),
(2655, 45, 649163, 441),
(2656, 19, 670772, 325),
(2657, 13, 670772, 222),
(2658, 28, 438362, 394),
(2659, 17, 234693, 51),
(2660, 15, 234693, 374),
(2661, 27, 735770, 164),
(2662, 11, 763512, 54),
(2663, 9, 931329, 78),
(2664, 36, 393696, 492),
(2665, 16, 393696, 0),
(2666, 38, 530074, 90),
(2667, 37, 530074, 163),
(2668, 11, 663588, 296),
(2669, 38, 312278, 72),
(2670, 1, 192874, 0),
(2671, 38, 312278, 132),
(2672, 36, 202292, 500),
(2673, 21, 729294, 0),
(2674, 5, 202292, 178),
(2675, 43, 597823, 34),
(2676, 26, 597823, 96),
(2677, 27, 100753, 96),
(2678, 18, 893639, 128),
(2679, 35, 582086, 34),
(2680, 18, 893639, 0),
(2681, 35, 582086, 282),
(2682, 1, 741938, 192),
(2683, 18, 893639, 192),
(2684, 18, 893639, 182),
(2685, 35, 582086, 0),
(2686, 1, 741938, 18),
(2687, 42, 893639, 348),
(2688, 1, 846956, 42),
(2689, 36, 582086, 46),
(2690, 12, 893639, 319),
(2691, 1, 846956, 319),
(2692, 14, 893639, 387),
(2693, 11, 582086, 156),
(2694, 11, 893639, 318),
(2695, 1, 846956, 324),
(2696, 1, 846956, 302),
(2697, 1, 846956, 318),
(2698, 1, 846956, 328),
(2699, 1, 846956, 316),
(2700, 29, 370984, 17),
(2701, 5, 969267, 2),
(2702, 5, 370984, 218),
(2703, 37, 370984, 546),
(2704, 6, 791894, 384),
(2705, 25, 791894, 0),
(2706, 24, 791894, 12),
(2707, 17, 791894, 0),
(2708, 22, 791894, 128),
(2709, 23, 791894, 66),
(2710, 33, 791894, 0),
(2711, 29, 248328, 4),
(2712, 13, 248328, 0),
(2713, 13, 248328, 132),
(2714, 24, 260109, 72),
(2715, 24, 260109, 150),
(2716, 24, 260109, 24),
(2717, 24, 260109, 0),
(2718, 14, 975378, 363),
(2719, 1, 260109, 280),
(2720, 1, 260109, 198),
(2721, 11, 678091, 36),
(2722, 6, 186542, 180),
(2723, 6, 758851, 174),
(2724, 6, 758851, 372),
(2725, 25, 758851, 0),
(2726, 12, 244963, 30),
(2727, 36, 244963, 116),
(2728, 10, 244963, 42),
(2729, 9, 244963, 6),
(2730, 36, 360396, 487),
(2731, 18, 856132, 196),
(2732, 28, 856132, 35),
(2733, 5, 263052, 205),
(2734, 20, 263052, 0),
(2735, 4, 263052, 288),
(2736, 38, 263052, 234),
(2737, 9, 263052, 6),
(2738, 18, 263052, 215),
(2739, 34, 263052, 57),
(2740, 6, 263052, 480),
(2741, 5, 883714, 203),
(2742, 12, 883714, 174),
(2743, 44, 576248, 0),
(2744, 13, 429437, 42),
(2745, 43, 661013, 434),
(2746, 24, 661013, 132),
(2747, 12, 484770, 294),
(2748, 24, 484770, 78),
(2749, 24, 484770, 66),
(2750, 26, 442738, 350),
(2751, 14, 442738, 13),
(2752, 38, 442738, 84),
(2753, 35, 442738, 292),
(2754, 35, 442738, 22),
(2755, 43, 252741, 163),
(2756, 1, 381107, 114),
(2757, 21, 620890, 12),
(2758, 10, 620890, 0),
(2759, 13, 620890, 204),
(2760, 31, 620890, 207),
(2761, 13, 620890, 0),
(2762, 44, 792528, 28),
(2763, 44, 792528, 605),
(2764, 6, 792528, 473),
(2765, 42, 792528, 353),
(2766, 5, 792528, 202),
(2767, 24, 792528, 301),
(2768, 39, 232286, 20),
(2769, 41, 620128, 285),
(2770, 37, 714929, 531),
(2771, 16, 620128, 397),
(2772, 9, 551349, 210),
(2773, 44, 714929, 621),
(2774, 39, 232286, 0),
(2775, 18, 232286, 122),
(2776, 42, 620128, 365),
(2777, 34, 551349, 169),
(2778, 11, 620128, 322),
(2779, 29, 167866, 93),
(2780, 18, 232286, 182),
(2781, 14, 620128, 394),
(2782, 16, 551349, 101),
(2783, 25, 232286, 0),
(2784, 5, 620128, 218),
(2785, 28, 730978, 210),
(2786, 23, 620128, 310),
(2787, 6, 232286, 204),
(2788, 28, 730978, 386),
(2789, 16, 551349, 1),
(2790, 17, 620128, 260),
(2791, 28, 730978, 353),
(2792, 28, 730978, 368),
(2793, 15, 551349, 380),
(2794, 10, 232286, 396),
(2795, 20, 730978, 0),
(2796, 32, 551349, 386),
(2797, 31, 730978, 213),
(2798, 39, 232286, 64),
(2799, 42, 551349, 198),
(2800, 35, 730978, 85),
(2801, 25, 551349, 1),
(2802, 35, 730978, 220),
(2803, 31, 551349, 134),
(2804, 8, 551349, 82),
(2805, 37, 713191, 0),
(2806, 42, 959846, 175),
(2807, 31, 596953, 8),
(2808, 42, 694194, 29),
(2809, 35, 696158, 23),
(2810, 31, 596953, 204),
(2811, 42, 694194, 168),
(2812, 7, 696158, 0),
(2813, 14, 596953, 132),
(2814, 9, 694194, 234),
(2815, 19, 714929, 269),
(2816, 5, 714929, 205),
(2817, 27, 280842, 284),
(2818, 24, 280842, 295),
(2819, 24, 280842, 296),
(2820, 16, 313271, 7),
(2821, 11, 313271, 156),
(2822, 1, 287148, 314),
(2823, 42, 458324, 198),
(2824, 26, 293205, 219),
(2825, 42, 458324, 186),
(2826, 26, 293205, 107),
(2827, 26, 458324, 120),
(2828, 26, 293205, 343),
(2829, 37, 458324, 526),
(2830, 37, 458324, 536),
(2831, 26, 293205, 322),
(2832, 37, 458324, 528),
(2833, 14, 293205, 384),
(2834, 14, 293205, 377),
(2835, 2, 458324, 44),
(2836, 37, 146575, 69),
(2837, 23, 458324, 295),
(2838, 1, 293205, 0),
(2839, 19, 529135, 0),
(2840, 31, 146575, 54),
(2841, 43, 458324, 291),
(2842, 33, 684577, 35),
(2843, 29, 529135, 268),
(2844, 29, 529135, 358),
(2845, 45, 458324, 78),
(2846, 17, 578825, 7),
(2847, 32, 146575, 239),
(2848, 44, 458324, 16),
(2849, 17, 578825, 70),
(2850, 6, 458324, 288),
(2851, 31, 252312, 209),
(2852, 29, 519782, 5),
(2853, 20, 578825, 8),
(2854, 43, 458324, 250),
(2855, 3, 236829, 315),
(2856, 30, 458324, 413),
(2857, 37, 529135, 543),
(2858, 2, 578825, 12),
(2859, 14, 236829, 389),
(2860, 16, 123501, 1),
(2861, 3, 957673, 304),
(2862, 37, 529135, 538),
(2863, 23, 236829, 303),
(2864, 25, 458324, 201),
(2865, 36, 123501, 486),
(2866, 11, 578825, 289),
(2867, 24, 458324, 309),
(2868, 25, 957673, 113),
(2869, 19, 236829, 0),
(2870, 32, 123501, 392),
(2871, 22, 458324, 148),
(2872, 28, 236829, 396),
(2873, 20, 578825, 28),
(2874, 23, 578825, 48),
(2875, 26, 529135, 0),
(2876, 4, 123501, 7),
(2877, 31, 254190, 68),
(2878, 2, 578825, 116),
(2879, 1, 736647, 287),
(2880, 31, 254190, 190),
(2881, 9, 458324, 66),
(2882, 1, 578825, 138),
(2883, 31, 254190, 190),
(2884, 2, 736647, 24),
(2885, 16, 458324, 307),
(2886, 30, 736647, 411),
(2887, 43, 578825, 122),
(2888, 33, 254190, 157),
(2889, 34, 736647, 239),
(2890, 29, 458324, 168),
(2891, 31, 578825, 96),
(2892, 26, 458324, 0),
(2893, 6, 458324, 132),
(2894, 2, 458324, 0),
(2895, 8, 139869, 52),
(2896, 29, 336665, 64),
(2897, 29, 336665, 157),
(2898, 36, 719161, 501),
(2899, 18, 149327, 154),
(2900, 29, 336665, 186),
(2901, 24, 719161, 168),
(2902, 1, 175317, 42),
(2903, 13, 149327, 66),
(2904, 37, 719161, 174),
(2905, 1, 175317, 30),
(2906, 18, 719161, 0),
(2907, 13, 149327, 108),
(2908, 30, 149327, 414),
(2909, 26, 719161, 0),
(2910, 12, 138094, 228),
(2911, 27, 149327, 210),
(2912, 7, 138094, 70),
(2913, 45, 719161, 24),
(2914, 16, 149327, 0),
(2915, 22, 719161, 0),
(2916, 16, 149327, 387),
(2917, 3, 303751, 30),
(2918, 33, 303751, 0),
(2919, 3, 303751, 2),
(2920, 3, 703561, 299),
(2921, 12, 443494, 276),
(2922, 41, 443494, 18),
(2923, 25, 341573, 39),
(2924, 7, 418653, 1),
(2925, 7, 418653, 95),
(2926, 37, 418653, 157),
(2927, 8, 418653, 10),
(2928, 26, 418653, 0),
(2929, 26, 206660, 38),
(2930, 23, 694657, 303),
(2931, 15, 866765, 32),
(2932, 23, 694657, 274),
(2933, 28, 694657, 401),
(2934, 38, 694657, 303),
(2935, 42, 694657, 327),
(2936, 27, 694657, 293),
(2937, 30, 623211, 394),
(2938, 22, 928639, 134),
(2939, 30, 623211, 393),
(2940, 40, 928639, 363),
(2941, 17, 928639, 257),
(2942, 31, 928639, 215),
(2943, 46, 694657, 412),
(2944, 38, 759909, 180),
(2945, 40, 694657, 372),
(2946, 18, 759909, 14),
(2947, 25, 694657, 312),
(2948, 24, 694657, 306),
(2949, 3, 694657, 302),
(2950, 2, 694657, 178),
(2951, 39, 862769, 2),
(2952, 20, 846315, 44),
(2953, 18, 694657, 0),
(2954, 42, 862769, 17),
(2955, 12, 846315, 0),
(2956, 1, 846315, 0),
(2957, 29, 846315, 5),
(2958, 46, 853511, 336),
(2959, 46, 853511, 454),
(2960, 12, 451339, 306),
(2961, 41, 909306, 0),
(2962, 27, 668163, 16),
(2963, 5, 955491, 80),
(2964, 5, 955491, 204),
(2965, 43, 955491, 0),
(2966, 25, 111101, 138),
(2967, 34, 205978, 19),
(2968, 34, 205978, 229),
(2969, 6, 111101, 414),
(2970, 3, 205978, 0),
(2971, 46, 111101, 0),
(2972, 15, 718827, 0),
(2973, 7, 163568, 8),
(2974, 25, 163568, 1),
(2975, 43, 644173, 99),
(2976, 44, 658165, 268),
(2977, 33, 297409, 210),
(2978, 4, 297409, 57),
(2979, 28, 297409, 379),
(2980, 42, 297409, 233),
(2981, 37, 237114, 17),
(2982, 37, 237114, 513),
(2983, 34, 944487, 7),
(2984, 9, 944487, 18),
(2985, 9, 944487, 150),
(2986, 9, 944487, 351),
(2987, 8, 363556, 28),
(2988, 37, 377632, 535),
(2989, 9, 363556, 210),
(2990, 19, 377632, 0),
(2991, 41, 251897, 12),
(2992, 21, 999721, 162),
(2993, 41, 251897, 210),
(2994, 41, 999721, 138),
(2995, 1, 884304, 42),
(2996, 3, 999721, 90),
(2997, 43, 999721, 414),
(2998, 1, 467760, 30),
(2999, 35, 463230, 0),
(3000, 16, 463230, 7),
(3001, 44, 463230, 16),
(3002, 43, 463230, 367),
(3003, 43, 601794, 40),
(3004, 25, 463230, 120),
(3005, 26, 772751, 126),
(3006, 20, 463230, 4),
(3007, 16, 463230, 398),
(3008, 26, 772751, 127),
(3009, 41, 463230, 96),
(3010, 26, 772751, 46),
(3011, 35, 772751, 282),
(3012, 46, 631907, 204),
(3013, 34, 772751, 216),
(3014, 46, 631907, 30),
(3015, 1, 805553, 24),
(3016, 46, 631907, 12),
(3017, 15, 601794, 327),
(3018, 15, 601794, 327),
(3019, 15, 601794, 327),
(3020, 15, 601794, 327),
(3021, 15, 601794, 327),
(3022, 37, 631907, 0),
(3023, 5, 631907, 203),
(3024, 5, 631907, 44),
(3025, 30, 631907, 395),
(3026, 30, 631907, 405),
(3027, 41, 631907, 216),
(3028, 28, 799036, 379),
(3029, 25, 601794, 210),
(3030, 25, 601794, 210),
(3031, 25, 601794, 210),
(3032, 25, 601794, 210),
(3033, 25, 601794, 210),
(3034, 15, 799036, 0),
(3035, 6, 631907, 48),
(3036, 12, 799036, 279),
(3037, 38, 601794, 258),
(3038, 38, 601794, 258),
(3039, 38, 601794, 258),
(3040, 38, 601794, 258),
(3041, 14, 631907, 138),
(3042, 17, 799036, 8),
(3043, 17, 601794, 250),
(3044, 17, 601794, 250),
(3045, 17, 601794, 250),
(3046, 17, 601794, 250),
(3047, 5, 601794, 200),
(3048, 5, 601794, 200),
(3049, 5, 601794, 200),
(3050, 1, 206985, 24),
(3051, 2, 799036, 0),
(3052, 31, 601794, 194),
(3053, 31, 601794, 194),
(3054, 7, 480123, 20),
(3055, 14, 631907, 0),
(3056, 27, 947607, 28),
(3057, 32, 922197, 58),
(3058, 24, 480123, 303),
(3059, 42, 947607, 23),
(3060, 41, 922197, 180),
(3061, 37, 480123, 541),
(3062, 31, 631907, 206),
(3063, 32, 601794, 349),
(3064, 32, 601794, 349),
(3065, 32, 601794, 349),
(3066, 32, 601794, 349),
(3067, 42, 947607, 81),
(3068, 36, 922197, 344),
(3069, 11, 601794, 300),
(3070, 11, 601794, 300),
(3071, 11, 601794, 300),
(3072, 18, 601794, 300),
(3073, 42, 947607, 0),
(3074, 17, 922197, 63),
(3075, 38, 631907, 12),
(3076, 37, 947607, 151),
(3077, 21, 947607, 4),
(3078, 31, 293798, 201),
(3079, 42, 293798, 359),
(3080, 29, 947607, 11),
(3081, 42, 293798, 357),
(3082, 14, 293798, 0),
(3083, 22, 631907, 68),
(3084, 6, 632913, 72),
(3085, 3, 293798, 0),
(3086, 19, 631907, 13),
(3087, 19, 631907, 368),
(3088, 19, 631907, 360),
(3089, 36, 631907, 497),
(3090, 27, 631907, 289),
(3091, 27, 631907, 277),
(3092, 34, 559113, 38),
(3093, 9, 631907, 288),
(3094, 1, 699685, 42),
(3095, 10, 131016, 228),
(3096, 38, 954529, 72),
(3097, 45, 860493, 126),
(3098, 29, 860493, 133),
(3099, 29, 860493, 0),
(3100, 22, 469043, 100),
(3101, 35, 469043, 128),
(3102, 35, 469043, 11),
(3103, 29, 469043, 315),
(3104, 21, 469043, 56),
(3105, 12, 766329, 228),
(3106, 42, 766329, 157),
(3107, 19, 504843, 175),
(3108, 1, 525603, 198),
(3109, 45, 766329, 66),
(3110, 16, 504843, 138),
(3111, 42, 766329, 352),
(3112, 1, 525603, 54),
(3113, 32, 914673, 40),
(3114, 32, 914673, 69),
(3115, 4, 766329, 405),
(3116, 1, 525603, 263),
(3117, 41, 914673, 6),
(3118, 15, 766329, 388),
(3119, 23, 914673, 300),
(3120, 23, 914673, 296),
(3121, 6, 525603, 482),
(3122, 44, 914673, 376),
(3123, 18, 525603, 174),
(3124, 10, 914673, 0),
(3125, 18, 525603, 0),
(3126, 18, 525603, 190),
(3127, 36, 914673, 98),
(3128, 5, 431196, 28),
(3129, 18, 525603, 175),
(3130, 36, 914673, 86),
(3131, 18, 656454, 40),
(3132, 13, 124787, 0),
(3133, 8, 525603, 134),
(3134, 20, 914673, 56),
(3135, 18, 656454, 16),
(3136, 30, 914673, 414),
(3137, 8, 525603, 201),
(3138, 9, 393169, 18),
(3139, 43, 656454, 93),
(3140, 27, 914673, 170),
(3141, 41, 525603, 234),
(3142, 40, 914673, 6),
(3143, 41, 525603, 0),
(3144, 18, 914673, 200),
(3145, 44, 496417, 114),
(3146, 19, 525603, 0),
(3147, 18, 914673, 177),
(3148, 19, 525603, 282),
(3149, 45, 914673, 0),
(3150, 6, 525603, 489),
(3151, 26, 914673, 26),
(3152, 16, 525603, 70),
(3153, 24, 914673, 252),
(3154, 42, 525603, 116),
(3155, 9, 914673, 222),
(3156, 28, 914673, 399),
(3157, 5, 525603, 208),
(3158, 22, 914673, 0),
(3159, 17, 481903, 250),
(3160, 23, 525603, 222),
(3161, 14, 914673, 70),
(3162, 28, 525603, 400),
(3163, 17, 481903, 1),
(3164, 37, 693005, 23),
(3165, 10, 693005, 481),
(3166, 44, 525603, 182),
(3167, 22, 679009, 48),
(3168, 7, 914673, 133),
(3169, 11, 693005, 66),
(3170, 24, 693005, 198),
(3171, 31, 693005, 214),
(3172, 31, 693005, 202),
(3173, 14, 693005, 390),
(3174, 12, 693005, 276),
(3175, 21, 871479, 94),
(3176, 29, 693005, 23),
(3177, 34, 693005, 223),
(3178, 18, 818066, 16),
(3179, 17, 481903, 237),
(3180, 45, 693005, 168),
(3181, 18, 818066, 72),
(3182, 17, 693005, 182),
(3183, 24, 693005, 264),
(3184, 31, 587370, 201),
(3185, 37, 266950, 11),
(3186, 31, 587370, 196),
(3187, 45, 693005, 408),
(3188, 31, 587370, 195),
(3189, 40, 693005, 195),
(3190, 4, 435811, 170),
(3191, 24, 693005, 228),
(3192, 28, 693005, 398),
(3193, 11, 576438, 294),
(3194, 12, 693005, 290),
(3195, 44, 807257, 308),
(3196, 35, 693005, 0),
(3197, 23, 140026, 0),
(3198, 18, 468693, 8),
(3199, 3, 468693, 308),
(3200, 1, 468693, 114),
(3201, 43, 468693, 198),
(3202, 46, 329505, 66),
(3203, 42, 690719, 280),
(3204, 22, 912026, 14),
(3205, 35, 690719, 75),
(3206, 40, 329505, 201),
(3207, 16, 912026, 0),
(3208, 5, 329505, 142),
(3209, 43, 255145, 17),
(3210, 21, 131704, 0),
(3211, 35, 607688, 16),
(3212, 22, 475501, 154),
(3213, 35, 607688, 264),
(3214, 2, 475501, 110),
(3215, 36, 475501, 497),
(3216, 29, 607688, 209),
(3217, 32, 475501, 227),
(3218, 23, 734686, 60),
(3219, 5, 475501, 122),
(3220, 5, 475501, 168),
(3221, 37, 750852, 280),
(3222, 16, 475501, 0),
(3223, 37, 750852, 355),
(3224, 41, 475501, 222),
(3225, 9, 552695, 300),
(3226, 5, 750852, 199),
(3227, 42, 560854, 116),
(3228, 32, 475501, 381),
(3229, 5, 750852, 204),
(3230, 38, 552695, 264),
(3231, 23, 560854, 48),
(3232, 45, 475501, 228),
(3233, 7, 552695, 20),
(3234, 4, 750852, 126),
(3235, 6, 300275, 486),
(3236, 32, 560854, 23),
(3237, 27, 300275, 62),
(3238, 39, 475501, 66),
(3239, 42, 254729, 99),
(3240, 21, 475501, 28),
(3241, 22, 254729, 0),
(3242, 1, 275020, 60),
(3243, 22, 254729, 82),
(3244, 33, 475501, 250),
(3245, 40, 427807, 111),
(3246, 38, 475501, 302),
(3247, 35, 275020, 0),
(3248, 40, 427807, 3),
(3249, 40, 475501, 343),
(3250, 16, 427807, 38),
(3251, 26, 475501, 120),
(3252, 37, 475501, 75),
(3253, 31, 427807, 199),
(3254, 31, 475501, 194),
(3255, 46, 475501, 306),
(3256, 16, 127977, 126),
(3257, 30, 127977, 414),
(3258, 20, 475501, 0),
(3259, 37, 398578, 52),
(3260, 38, 475501, 210),
(3261, 20, 398578, 10),
(3262, 28, 861813, 23),
(3263, 27, 861813, 148),
(3264, 46, 352443, 126),
(3265, 28, 564794, 46),
(3266, 46, 564794, 120),
(3267, 42, 123336, 268),
(3268, 7, 579976, 0),
(3269, 29, 579976, 157),
(3270, 25, 579976, 0),
(3271, 34, 353724, 232),
(3272, 38, 353724, 284),
(3273, 36, 595965, 87),
(3274, 14, 353724, 0),
(3275, 36, 595965, 168),
(3276, 41, 353724, 210),
(3277, 18, 219545, 2),
(3278, 36, 595965, 448),
(3279, 32, 353724, 11),
(3280, 18, 219545, 30),
(3281, 12, 595965, 210),
(3282, 44, 353724, 0),
(3283, 33, 219545, 5),
(3284, 33, 595965, 379),
(3285, 12, 353724, 180),
(3286, 43, 595965, 268),
(3287, 36, 353724, 45),
(3288, 36, 595965, 507),
(3289, 19, 353724, 288),
(3290, 8, 595965, 148),
(3291, 31, 791891, 62),
(3292, 6, 353724, 487),
(3293, 5, 595965, 22),
(3294, 42, 595965, 58),
(3295, 11, 469686, 102),
(3296, 31, 791891, 0),
(3297, 2, 595965, 36),
(3298, 1, 469686, 78),
(3299, 20, 791891, 0),
(3300, 9, 595965, 276),
(3301, 22, 791891, 128),
(3302, 15, 469686, 132),
(3303, 36, 595965, 510),
(3304, 13, 791891, 216),
(3305, 28, 469686, 380),
(3306, 38, 595965, 36),
(3307, 23, 595965, 303),
(3308, 15, 791891, 387),
(3309, 4, 469686, 1),
(3310, 27, 791891, 16),
(3311, 7, 469686, 0),
(3312, 24, 578429, 18),
(3313, 18, 791891, 0),
(3314, 6, 578429, 264),
(3315, 17, 469686, 126),
(3316, 23, 876418, 240),
(3317, 3, 773726, 0),
(3318, 12, 469686, 12),
(3319, 23, 876418, 297),
(3320, 22, 775128, 80),
(3321, 38, 662597, 72),
(3322, 38, 469686, 138),
(3323, 22, 775128, 102),
(3324, 19, 469686, 163),
(3325, 22, 775128, 0),
(3326, 10, 662597, 433),
(3327, 22, 775128, 0),
(3328, 9, 662597, 102),
(3329, 40, 775128, 325),
(3330, 42, 662597, 5),
(3331, 8, 775128, 168),
(3332, 33, 662597, 262),
(3333, 13, 663973, 66),
(3334, 30, 775128, 404),
(3335, 2, 662597, 38),
(3336, 4, 342570, 407),
(3337, 13, 663973, 0),
(3338, 26, 775128, 340),
(3339, 42, 662597, 227),
(3340, 4, 342570, 257),
(3341, 9, 775128, 108),
(3342, 9, 662597, 228),
(3343, 4, 775128, 412),
(3344, 31, 662597, 191),
(3345, 24, 775128, 307),
(3346, 30, 662597, 188),
(3347, 15, 775128, 394),
(3348, 25, 662597, 0),
(3349, 24, 775128, 309),
(3350, 43, 979906, 408),
(3351, 30, 662597, 411),
(3352, 33, 406108, 134),
(3353, 41, 775128, 299),
(3354, 10, 662597, 484),
(3355, 12, 979906, 6),
(3356, 33, 406108, 11),
(3357, 43, 775128, 426),
(3358, 34, 662597, 221),
(3359, 12, 979906, 302),
(3360, 22, 662597, 102),
(3361, 33, 406108, 279),
(3362, 44, 317235, 320),
(3363, 11, 775128, 318),
(3364, 23, 662597, 24),
(3365, 31, 775128, 198),
(3366, 43, 317235, 46),
(3367, 40, 266926, 207),
(3368, 37, 662597, 519),
(3369, 11, 775128, 321),
(3370, 21, 266926, 102),
(3371, 9, 317235, 78),
(3372, 7, 775128, 145),
(3373, 44, 662597, 28),
(3374, 38, 508268, 286),
(3375, 19, 317235, 269),
(3376, 26, 266926, 126),
(3377, 38, 508268, 281),
(3378, 35, 662597, 81),
(3379, 27, 317235, 142),
(3380, 42, 775128, 330),
(3381, 20, 257714, 10),
(3382, 21, 266926, 96),
(3383, 35, 985937, 46),
(3384, 38, 508268, 257),
(3385, 30, 317235, 409),
(3386, 2, 662597, 0),
(3387, 28, 266926, 394),
(3388, 44, 487682, 612),
(3389, 31, 317235, 209),
(3390, 35, 985937, 256),
(3391, 28, 257714, 379),
(3392, 19, 266926, 350),
(3393, 45, 662597, 48),
(3394, 39, 428602, 270),
(3395, 16, 497149, 13),
(3396, 28, 822422, 387),
(3397, 15, 487682, 0),
(3398, 32, 317235, 379),
(3399, 28, 662597, 398),
(3400, 16, 985937, 57),
(3401, 16, 428602, 392),
(3402, 30, 508268, 412),
(3403, 43, 266926, 17),
(3404, 15, 497149, 379),
(3405, 33, 487682, 417),
(3406, 22, 985937, 174),
(3407, 42, 822422, 22),
(3408, 13, 317235, 54),
(3409, 46, 662597, 0),
(3410, 30, 497149, 411),
(3411, 31, 487682, 201),
(3412, 5, 266926, 102),
(3413, 11, 822422, 316),
(3414, 36, 985937, 478),
(3415, 32, 662597, 11),
(3416, 46, 317235, 180),
(3417, 33, 487682, 428),
(3418, 34, 266926, 1),
(3419, 27, 822422, 0),
(3420, 23, 317235, 12),
(3421, 40, 985937, 342),
(3422, 9, 266926, 18),
(3423, 16, 487682, 0),
(3424, 36, 519372, 500),
(3425, 27, 487682, 298),
(3426, 1, 497149, 0),
(3427, 16, 317235, 145),
(3428, 46, 266926, 138),
(3429, 42, 497149, 134),
(3430, 3, 487682, 112),
(3431, 35, 317235, 0),
(3432, 23, 312968, 284),
(3433, 14, 985937, 38),
(3434, 25, 266926, 176),
(3435, 36, 487682, 495),
(3436, 31, 497149, 88),
(3437, 27, 487682, 284),
(3438, 38, 317235, 162),
(3439, 29, 985937, 221),
(3440, 31, 497149, 201),
(3441, 36, 487682, 507),
(3442, 16, 266926, 207),
(3443, 18, 317235, 205),
(3444, 46, 689087, 390),
(3445, 22, 497149, 22),
(3446, 12, 985937, 254),
(3447, 20, 487682, 76),
(3448, 41, 266926, 228),
(3449, 30, 312968, 418),
(3450, 1, 317235, 0),
(3451, 6, 497149, 294),
(3452, 30, 312968, 407),
(3453, 31, 266926, 210),
(3454, 1, 116186, 0),
(3455, 31, 497149, 213),
(3456, 22, 317235, 42),
(3457, 9, 487682, 186),
(3458, 30, 179800, 414),
(3459, 9, 497149, 126),
(3460, 35, 266926, 268),
(3461, 43, 487682, 11),
(3462, 2, 317235, 110),
(3463, 3, 312968, 318),
(3464, 16, 179800, 370),
(3465, 35, 497149, 0),
(3466, 24, 317235, 132),
(3467, 6, 487682, 432),
(3468, 29, 317235, 221),
(3469, 27, 487682, 296),
(3470, 1, 317235, 6),
(3471, 10, 317235, 318),
(3472, 27, 317235, 283),
(3473, 40, 317235, 15),
(3474, 43, 317235, 233),
(3475, 37, 317235, 40),
(3476, 24, 317235, 78),
(3477, 7, 782211, 0),
(3478, 40, 317235, 240),
(3479, 19, 782211, 300),
(3480, 7, 551698, 82),
(3481, 40, 469686, 15),
(3482, 28, 782211, 391),
(3483, 14, 317235, 384),
(3484, 40, 473321, 21),
(3485, 21, 469686, 2),
(3486, 23, 317235, 126),
(3487, 30, 469686, 412),
(3488, 44, 551698, 44),
(3489, 45, 782211, 168),
(3490, 1, 317235, 138),
(3491, 30, 469686, 410),
(3492, 31, 317235, 215),
(3493, 40, 543451, 21),
(3494, 28, 469686, 379),
(3495, 25, 317235, 219),
(3496, 22, 543451, 160),
(3497, 6, 469686, 258),
(3498, 23, 317235, 66),
(3499, 28, 543451, 309),
(3500, 45, 469686, 12),
(3501, 23, 317235, 222),
(3502, 14, 317235, 388),
(3503, 20, 469686, 28),
(3504, 38, 469686, 162),
(3505, 25, 317235, 89),
(3506, 39, 604929, 370),
(3507, 18, 317235, 0),
(3508, 34, 317235, 219),
(3509, 26, 764233, 0),
(3510, 41, 167824, 302),
(3511, 7, 764233, 0),
(3512, 6, 167824, 476),
(3513, 5, 317235, 122),
(3514, 14, 167824, 63),
(3515, 40, 317235, 347),
(3516, 29, 317235, 198),
(3517, 14, 167824, 276),
(3518, 36, 167824, 510),
(3519, 28, 317235, 134),
(3520, 9, 317235, 288),
(3521, 16, 167824, 0),
(3522, 19, 317235, 213),
(3523, 16, 167824, 301),
(3524, 28, 167824, 398),
(3525, 6, 934461, 0),
(3526, 16, 317235, 20),
(3527, 45, 167824, 372),
(3528, 6, 317235, 234),
(3529, 6, 934461, 0),
(3530, 29, 317235, 362),
(3531, 34, 167824, 219),
(3532, 29, 317235, 352),
(3533, 37, 317235, 0),
(3534, 8, 934461, 36),
(3535, 10, 462634, 48),
(3536, 44, 854682, 40),
(3537, 7, 317235, 151),
(3538, 8, 370687, 108),
(3539, 12, 317235, 264),
(3540, 44, 854682, 222),
(3541, 29, 370687, 291),
(3542, 9, 684814, 84),
(3543, 25, 317235, 20),
(3544, 38, 684814, 240),
(3545, 25, 317235, 289),
(3546, 14, 684814, 169),
(3547, 14, 317235, 381),
(3548, 15, 317235, 163),
(3549, 27, 317235, 299),
(3550, 23, 317235, 96),
(3551, 6, 317235, 484),
(3552, 13, 317235, 216),
(3553, 7, 307845, 63),
(3554, 11, 317235, 48),
(3555, 41, 307845, 108),
(3556, 8, 317235, 30),
(3557, 46, 967596, 288),
(3558, 20, 317235, 10),
(3559, 37, 682389, 539),
(3560, 11, 320367, 0),
(3561, 46, 317235, 258),
(3562, 22, 317235, 62),
(3563, 44, 513913, 44),
(3564, 13, 221137, 0),
(3565, 6, 660553, 481),
(3566, 4, 317235, 70),
(3567, 36, 469488, 510),
(3568, 44, 513913, 84),
(3569, 31, 317235, 215),
(3570, 36, 469488, 491),
(3571, 38, 317235, 120),
(3572, 44, 513913, 0),
(3573, 20, 960907, 0),
(3574, 13, 298497, 6),
(3575, 3, 513913, 313),
(3576, 46, 786399, 6),
(3577, 4, 317235, 239),
(3578, 31, 513913, 195),
(3579, 30, 513913, 415),
(3580, 14, 317235, 376),
(3581, 44, 513913, 342),
(3582, 39, 317235, 352),
(3583, 9, 513913, 108),
(3584, 30, 317235, 412),
(3585, 9, 513913, 30),
(3586, 26, 317235, 126),
(3587, 20, 317235, 4),
(3588, 34, 317235, 240),
(3589, 46, 850944, 6),
(3590, 12, 516827, 12),
(3591, 42, 317235, 99),
(3592, 30, 317235, 418),
(3593, 40, 850944, 0),
(3594, 23, 317235, 18),
(3595, 46, 516827, 324),
(3596, 34, 317235, 240),
(3597, 29, 806755, 58),
(3598, 34, 317235, 210),
(3599, 27, 317235, 287),
(3600, 37, 516827, 526),
(3601, 37, 516827, 533),
(3602, 2, 317235, 104),
(3603, 19, 317235, 263),
(3604, 4, 516827, 397),
(3605, 10, 317235, 483),
(3606, 27, 171394, 130),
(3607, 10, 317235, 487),
(3608, 5, 516827, 207),
(3609, 5, 171394, 202),
(3610, 32, 317235, 128),
(3611, 5, 516827, 194),
(3612, 31, 317235, 218),
(3613, 13, 171394, 150),
(3614, 3, 248400, 16),
(3615, 40, 575132, 15),
(3616, 36, 317235, 361),
(3617, 37, 171394, 520),
(3618, 37, 248400, 0),
(3619, 12, 317235, 264),
(3620, 45, 171394, 445),
(3621, 11, 248400, 156),
(3622, 38, 317235, 210),
(3623, 34, 317235, 243),
(3624, 44, 171394, 394),
(3625, 2, 248400, 0),
(3626, 7, 171394, 76),
(3627, 32, 317235, 186),
(3628, 38, 248400, 168),
(3629, 9, 171394, 252),
(3630, 40, 317235, 366),
(3631, 8, 248400, 22),
(3632, 9, 248400, 350),
(3633, 6, 248400, 6),
(3634, 7, 247657, 83),
(3635, 12, 248400, 6),
(3636, 24, 247657, 30),
(3637, 11, 248400, 0),
(3638, 19, 247657, 63),
(3639, 18, 248400, 44),
(3640, 34, 247657, 227),
(3641, 35, 248400, 279),
(3642, 27, 506385, 74),
(3643, 18, 247657, 2),
(3644, 18, 893695, 142),
(3645, 27, 506385, 279),
(3646, 9, 893695, 228),
(3647, 4, 893695, 263),
(3648, 10, 506385, 0),
(3649, 21, 893695, 46),
(3650, 32, 506385, 93),
(3651, 36, 893695, 466),
(3652, 8, 506385, 116),
(3653, 32, 893695, 390),
(3654, 11, 893695, 180),
(3655, 19, 893695, 7),
(3656, 1, 893695, 6),
(3657, 34, 893695, 243),
(3658, 2, 893695, 0),
(3659, 20, 893695, 0),
(3660, 33, 893695, 367),
(3661, 20, 893695, 0),
(3662, 6, 893695, 0),
(3663, 2, 535541, 0),
(3664, 37, 380811, 385),
(3665, 1, 380811, 12),
(3666, 4, 912700, 126),
(3667, 23, 558766, 132),
(3668, 23, 756989, 108),
(3669, 12, 756989, 234),
(3670, 41, 558766, 296),
(3671, 14, 756989, 144),
(3672, 45, 558766, 120),
(3673, 5, 915297, 56),
(3674, 8, 756989, 74),
(3675, 35, 163030, 116),
(3676, 18, 558766, 176),
(3677, 15, 915297, 282),
(3678, 36, 756989, 478),
(3679, 1, 485805, 12),
(3680, 15, 558766, 0),
(3681, 23, 864296, 301),
(3682, 1, 485805, 0),
(3683, 23, 864296, 297),
(3684, 26, 558766, 0),
(3685, 21, 323254, 10),
(3686, 18, 558766, 189),
(3687, 23, 864296, 275),
(3688, 29, 551570, 268),
(3689, 10, 551570, 438),
(3690, 9, 551570, 18),
(3691, 24, 551570, 302),
(3692, 30, 551570, 411),
(3693, 15, 304566, 0),
(3694, 20, 551570, 0),
(3695, 30, 304566, 407),
(3696, 30, 304566, 409),
(3697, 13, 551570, 96),
(3698, 40, 551570, 376),
(3699, 28, 551570, 398),
(3700, 28, 204800, 58),
(3701, 35, 551570, 51),
(3702, 5, 204800, 16),
(3703, 19, 405385, 119),
(3704, 42, 430095, 227),
(3705, 20, 204800, 0),
(3706, 10, 551570, 434),
(3707, 42, 430095, 0),
(3708, 30, 204800, 398),
(3709, 2, 353301, 0),
(3710, 19, 405385, 51),
(3711, 15, 551570, 101),
(3712, 29, 204800, 122),
(3713, 36, 353301, 501),
(3714, 25, 405385, 0),
(3715, 37, 551570, 535),
(3716, 18, 430095, 2),
(3717, 5, 551570, 196),
(3718, 4, 204800, 276),
(3719, 4, 353301, 13),
(3720, 30, 551570, 417),
(3721, 23, 261049, 301),
(3722, 6, 162653, 384),
(3723, 23, 261049, 295),
(3724, 42, 551570, 262),
(3725, 6, 162653, 479),
(3726, 41, 261049, 228),
(3727, 24, 162653, 296),
(3728, 24, 162653, 297),
(3729, 46, 551570, 204),
(3730, 24, 162653, 286),
(3731, 14, 551570, 157),
(3732, 46, 261049, 0),
(3733, 46, 261049, 428),
(3734, 3, 261049, 285),
(3735, 32, 204800, 151),
(3736, 15, 261049, 396),
(3737, 41, 203309, 174),
(3738, 9, 204800, 138),
(3739, 41, 203309, 299),
(3740, 39, 261049, 507),
(3741, 15, 203309, 26),
(3742, 8, 261049, 182),
(3743, 4, 261049, 421),
(3744, 15, 203309, 20),
(3745, 26, 261049, 364),
(3746, 40, 203309, 291),
(3747, 2, 261049, 317),
(3748, 25, 451164, 299),
(3749, 37, 203309, 507),
(3750, 17, 261049, 265),
(3751, 32, 203309, 395),
(3752, 42, 261049, 348),
(3753, 31, 203309, 194),
(3754, 11, 261049, 321),
(3755, 17, 261049, 259),
(3756, 26, 203309, 346),
(3757, 35, 261049, 281),
(3758, 37, 261049, 545),
(3759, 10, 261049, 486),
(3760, 12, 203309, 138),
(3761, 23, 203309, 302),
(3762, 26, 203309, 367),
(3763, 36, 261049, 499),
(3764, 5, 261049, 217),
(3765, 42, 203309, 360),
(3766, 5, 261049, 209),
(3767, 13, 705280, 54),
(3768, 4, 203309, 412),
(3769, 10, 203309, 455),
(3770, 45, 203309, 464),
(3771, 3, 203309, 0),
(3772, 23, 203309, 303),
(3773, 16, 203309, 76),
(3774, 40, 686469, 297),
(3775, 35, 203309, 269),
(3776, 29, 203309, 233),
(3777, 43, 203309, 221),
(3778, 27, 203309, 4),
(3779, 33, 203309, 157),
(3780, 43, 987192, 17),
(3781, 34, 203309, 63),
(3782, 43, 987192, 133),
(3783, 7, 203309, 182),
(3784, 28, 203309, 395),
(3785, 26, 443416, 76),
(3786, 7, 203309, 219),
(3787, 26, 443416, 0),
(3788, 31, 722190, 204),
(3789, 39, 203309, 172),
(3790, 31, 722190, 196),
(3791, 23, 619262, 60),
(3792, 26, 443416, 240),
(3793, 3, 203309, 190),
(3794, 17, 619262, 238),
(3795, 33, 722190, 127),
(3796, 26, 443416, 313),
(3797, 15, 203309, 363),
(3798, 16, 619262, 0),
(3799, 26, 443416, 309),
(3800, 9, 203309, 282),
(3801, 13, 722190, 0),
(3802, 26, 443416, 314),
(3803, 7, 722190, 115),
(3804, 21, 443416, 50),
(3805, 41, 203309, 311),
(3806, 32, 722190, 0),
(3807, 4, 203309, 414),
(3808, 21, 443416, 50),
(3809, 14, 722190, 226),
(3810, 18, 203309, 48),
(3811, 14, 443416, 384),
(3812, 18, 203309, 0),
(3813, 32, 722190, 239),
(3814, 14, 443416, 356),
(3815, 18, 203309, 190),
(3816, 18, 443416, 2),
(3817, 15, 722190, 203),
(3818, 18, 443416, 96),
(3819, 8, 722190, 212),
(3820, 44, 127586, 400),
(3821, 18, 443416, 193),
(3822, 30, 443416, 414),
(3823, 15, 722190, 319),
(3824, 44, 127586, 542),
(3825, 1, 451981, 18),
(3826, 42, 604217, 210),
(3827, 37, 443416, 174),
(3828, 44, 127586, 198),
(3829, 1, 451981, 198),
(3830, 42, 604217, 345),
(3831, 24, 722190, 299),
(3832, 24, 722190, 289),
(3833, 44, 127586, 587),
(3834, 37, 443416, 262),
(3835, 24, 722190, 278),
(3836, 44, 127586, 576),
(3837, 44, 127586, 566),
(3838, 26, 722190, 347),
(3839, 10, 443416, 431),
(3840, 44, 127586, 554),
(3841, 23, 722190, 308),
(3842, 10, 443416, 478),
(3843, 34, 722190, 218),
(3844, 44, 127586, 529),
(3845, 23, 722190, 311),
(3846, 4, 443416, 182),
(3847, 13, 127586, 54),
(3848, 4, 443416, 295),
(3849, 5, 443416, 90),
(3850, 27, 443416, 291),
(3851, 20, 962340, 0),
(3852, 27, 994481, 284),
(3853, 18, 994481, 8),
(3854, 20, 962340, 24),
(3855, 41, 994481, 204),
(3856, 23, 994481, 102),
(3857, 23, 962340, 303),
(3858, 23, 962340, 295),
(3859, 37, 962340, 537),
(3860, 11, 962340, 306),
(3861, 31, 550687, 215),
(3862, 6, 962340, 18),
(3863, 21, 477708, 28),
(3864, 13, 550687, 270),
(3865, 27, 550687, 299),
(3866, 21, 477708, 130),
(3867, 24, 411615, 264),
(3868, 36, 550687, 502),
(3869, 36, 550687, 499),
(3870, 28, 488100, 239),
(3871, 42, 550687, 233),
(3872, 28, 488100, 244),
(3873, 42, 550687, 339),
(3874, 42, 550687, 346),
(3875, 3, 374194, 18),
(3876, 22, 550687, 90),
(3877, 18, 550687, 217),
(3878, 9, 550687, 6),
(3879, 26, 550687, 340),
(3880, 31, 550687, 217),
(3881, 38, 538955, 108),
(3882, 38, 538955, 0),
(3883, 38, 538955, 277),
(3884, 38, 538955, 274),
(3885, 45, 538955, 461),
(3886, 37, 568318, 540),
(3887, 12, 538955, 12),
(3888, 46, 568318, 12),
(3889, 12, 538955, 300),
(3890, 41, 568318, 198),
(3891, 8, 538955, 76),
(3892, 19, 568318, 32),
(3893, 8, 538955, 176),
(3894, 38, 568318, 308),
(3895, 28, 568318, 399),
(3896, 40, 538955, 366),
(3897, 30, 568318, 414),
(3898, 27, 538955, 280),
(3899, 45, 538955, 468),
(3900, 38, 568318, 303),
(3901, 32, 538955, 17),
(3902, 6, 568318, 378),
(3903, 30, 568318, 418),
(3904, 32, 538955, 365),
(3905, 33, 716372, 5),
(3906, 19, 568318, 20),
(3907, 29, 538955, 58),
(3908, 29, 538955, 358),
(3909, 5, 961322, 66),
(3910, 5, 538955, 200),
(3911, 29, 538955, 367),
(3912, 32, 862976, 169),
(3913, 42, 538955, 357),
(3914, 15, 538955, 381),
(3915, 32, 862976, 40),
(3916, 38, 538955, 285),
(3917, 32, 862976, 366),
(3918, 30, 862976, 411),
(3919, 10, 538955, 428),
(3920, 18, 862976, 42),
(3921, 3, 538955, 280),
(3922, 18, 862976, 0),
(3923, 33, 538955, 192),
(3924, 18, 862976, 98),
(3925, 45, 538955, 454),
(3926, 18, 862976, 0),
(3927, 21, 538955, 82),
(3928, 42, 862976, 268),
(3929, 14, 862976, 188),
(3930, 6, 538955, 0),
(3931, 6, 538955, 474),
(3932, 46, 862976, 0),
(3933, 42, 379425, 40),
(3934, 35, 538955, 263),
(3935, 35, 862976, 34),
(3936, 11, 379425, 114),
(3937, 31, 538955, 202),
(3938, 11, 862976, 120),
(3939, 40, 379425, 60),
(3940, 37, 538955, 81),
(3941, 37, 538955, 529),
(3942, 34, 538955, 82),
(3943, 34, 538955, 208),
(3944, 24, 538955, 302),
(3945, 24, 538955, 308),
(3946, 1, 538955, 192),
(3947, 4, 538955, 418),
(3948, 14, 538955, 382),
(3949, 34, 538955, 231),
(3950, 24, 455230, 240),
(3951, 29, 538955, 370),
(3952, 12, 455230, 72),
(3953, 39, 538955, 2),
(3954, 33, 455230, 11),
(3955, 5, 166749, 76),
(3956, 14, 538955, 375),
(3957, 36, 538955, 509),
(3958, 37, 683974, 384),
(3959, 9, 538955, 342),
(3960, 24, 683974, 12),
(3961, 33, 683974, 355),
(3962, 23, 538955, 72),
(3963, 33, 683974, 10),
(3964, 46, 670601, 258),
(3965, 6, 683974, 186),
(3966, 20, 670601, 2),
(3967, 6, 670601, 480),
(3968, 11, 670601, 305),
(3969, 6, 683974, 18),
(3970, 6, 683974, 66),
(3971, 6, 683974, 102),
(3972, 3, 410045, 314),
(3973, 22, 410045, 154),
(3974, 6, 410045, 384),
(3975, 14, 410045, 388),
(3976, 34, 410045, 214),
(3977, 26, 875690, 19),
(3978, 2, 469876, 8),
(3979, 10, 998611, 453),
(3980, 34, 998611, 238),
(3981, 2, 469876, 62),
(3982, 30, 998611, 415),
(3983, 2, 469876, 0),
(3984, 26, 834050, 207),
(3985, 44, 834050, 50),
(3986, 38, 834050, 0),
(3987, 29, 834050, 17),
(3988, 19, 511244, 169),
(3989, 31, 834050, 188),
(3990, 19, 511244, 282),
(3991, 27, 406376, 222),
(3992, 46, 406376, 18),
(3993, 46, 406376, 454),
(3994, 22, 406376, 74),
(3995, 22, 406376, 36),
(3996, 22, 406376, 150),
(3997, 25, 406376, 70),
(3998, 25, 406376, 0),
(3999, 26, 406376, 344),
(4000, 13, 406376, 120),
(4001, 39, 406376, 20),
(4002, 39, 406376, 489),
(4003, 21, 406376, 6),
(4004, 25, 288423, 0),
(4005, 38, 288423, 301),
(4006, 18, 288423, 0),
(4007, 39, 288423, 48),
(4008, 29, 578970, 309),
(4009, 34, 869820, 101),
(4010, 14, 872292, 375),
(4011, 29, 578970, 162),
(4012, 27, 180952, 216),
(4013, 29, 578970, 162),
(4014, 22, 549217, 0),
(4015, 13, 549217, 18),
(4016, 6, 888932, 480),
(4017, 37, 888932, 545),
(4018, 16, 888932, 378),
(4019, 16, 888932, 395),
(4020, 19, 888932, 319),
(4021, 14, 888932, 387),
(4022, 24, 888932, 303),
(4023, 11, 888932, 320),
(4024, 10, 791005, 460),
(4025, 23, 888932, 304),
(4026, 40, 888932, 138),
(4027, 15, 888932, 393),
(4028, 12, 343005, 18),
(4029, 12, 343005, 290),
(4030, 42, 343005, 0),
(4031, 42, 356571, 157),
(4032, 6, 343005, 264),
(4033, 42, 356571, 353),
(4034, 12, 343005, 325),
(4035, 8, 356571, 2),
(4036, 5, 343005, 148),
(4037, 15, 356571, 396),
(4038, 5, 343005, 171),
(4039, 31, 356571, 196),
(4040, 1, 755896, 222),
(4041, 1, 755896, 297),
(4042, 7, 968095, 13),
(4043, 45, 968095, 138),
(4044, 42, 968095, 128),
(4045, 36, 968095, 29),
(4046, 6, 968095, 330),
(4047, 9, 968095, 234),
(4048, 30, 968095, 234),
(4049, 8, 239371, 199),
(4050, 26, 239371, 0),
(4051, 8, 523304, 54),
(4052, 19, 239371, 207),
(4053, 8, 523304, 183),
(4054, 45, 239371, 258),
(4055, 14, 523304, 257),
(4056, 40, 239371, 15),
(4057, 24, 523304, 234),
(4058, 30, 523304, 413),
(4059, 35, 239371, 292),
(4060, 30, 523304, 392),
(4061, 3, 239371, 323),
(4062, 30, 523304, 387),
(4063, 19, 239371, 386),
(4064, 37, 239371, 402),
(4065, 45, 239371, 348),
(4066, 6, 239371, 18),
(4067, 5, 178858, 199),
(4068, 7, 178858, 0),
(4069, 3, 957016, 288),
(4070, 8, 957016, 102),
(4071, 4, 957016, 0),
(4072, 19, 277491, 373),
(4073, 38, 277491, 144),
(4074, 30, 277491, 411),
(4075, 1, 680291, 287),
(4076, 25, 680291, 269),
(4077, 16, 680291, 394),
(4078, 29, 680291, 291),
(4079, 37, 680291, 545),
(4080, 6, 680291, 192),
(4081, 33, 680291, 434),
(4082, 20, 680291, 0),
(4083, 14, 982797, 391),
(4084, 29, 982797, 227),
(4085, 29, 982797, 344),
(4086, 19, 982797, 194),
(4087, 19, 982797, 1),
(4088, 19, 982797, 365),
(4089, 27, 982797, 301),
(4090, 25, 982797, 32),
(4091, 11, 982797, 304),
(4092, 32, 982797, 367),
(4093, 32, 982797, 393),
(4094, 38, 982797, 307),
(4095, 28, 982797, 397),
(4096, 5, 490858, 0),
(4097, 32, 504452, 192),
(4098, 5, 490858, 184),
(4099, 13, 713270, 114),
(4100, 1, 512466, 90),
(4101, 13, 713270, 30),
(4102, 6, 828726, 174),
(4103, 6, 828726, 42),
(4104, 15, 828726, 0),
(4105, 15, 828726, 176),
(4106, 28, 828726, 395),
(4107, 28, 828726, 387),
(4108, 45, 828726, 138),
(4109, 45, 828726, 454),
(4110, 29, 828726, 128),
(4111, 29, 828726, 338),
(4112, 17, 828726, 82),
(4113, 39, 828726, 358),
(4114, 17, 828726, 38),
(4115, 36, 826387, 262),
(4116, 13, 826387, 204),
(4117, 19, 826387, 350),
(4118, 20, 826387, 0),
(4119, 1, 826387, 96),
(4120, 23, 826387, 198),
(4121, 28, 826387, 396),
(4122, 35, 826387, 0),
(4123, 20, 826387, 0),
(4124, 11, 826387, 0),
(4125, 33, 826387, 396),
(4126, 15, 826387, 70),
(4127, 41, 826387, 0),
(4128, 33, 826387, 410),
(4129, 44, 826387, 164),
(4130, 39, 826387, 370),
(4131, 14, 826387, 313),
(4132, 11, 826387, 204),
(4133, 6, 826387, 476),
(4134, 5, 826387, 70),
(4135, 39, 826387, 522),
(4136, 35, 826387, 262),
(4137, 14, 826387, 381),
(4138, 6, 826387, 478),
(4139, 11, 826387, 275),
(4140, 30, 826387, 409),
(4141, 37, 798863, 5),
(4142, 40, 798863, 33),
(4143, 30, 235853, 68),
(4144, 37, 861561, 16),
(4145, 6, 682414, 24),
(4146, 6, 682414, 36),
(4147, 6, 682414, 384),
(4148, 6, 682414, 396),
(4149, 14, 682414, 390),
(4150, 14, 682414, 385),
(4151, 30, 682414, 416),
(4152, 25, 840840, 301),
(4153, 43, 840840, 436),
(4154, 28, 682414, 400),
(4155, 4, 137500, 1),
(4156, 41, 137500, 228),
(4157, 40, 137500, 385),
(4158, 29, 137500, 365),
(4159, 11, 137500, 0),
(4160, 25, 137500, 0),
(4161, 4, 137500, 120),
(4162, 26, 137500, 294),
(4163, 38, 137500, 72),
(4164, 1, 137500, 72),
(4165, 39, 137500, 452),
(4166, 28, 137500, 379),
(4167, 22, 137500, 116),
(4168, 5, 137500, 156),
(4169, 11, 137500, 192),
(4170, 12, 137500, 278),
(4171, 32, 137500, 390),
(4172, 11, 137500, 240),
(4173, 5, 137500, 191),
(4174, 12, 137500, 304),
(4175, 26, 137500, 257),
(4176, 31, 898941, 205),
(4177, 42, 898941, 52),
(4178, 11, 898941, 292),
(4179, 26, 898941, 270),
(4180, 22, 898941, 48),
(4181, 38, 898941, 198),
(4182, 20, 898941, 0),
(4183, 38, 898941, 90),
(4184, 30, 898941, 417),
(4185, 14, 898941, 392),
(4186, 20, 898941, 0),
(4187, 27, 898941, 300),
(4188, 41, 898941, 314),
(4189, 4, 443717, 365),
(4190, 30, 443717, 407),
(4191, 37, 787798, 546),
(4192, 37, 787798, 536),
(4193, 5, 939492, 191),
(4194, 26, 939492, 368),
(4195, 21, 939492, 102),
(4196, 18, 939492, 194),
(4197, 29, 939492, 163),
(4198, 14, 939492, 182),
(4199, 25, 939492, 8),
(4200, 36, 939492, 268),
(4201, 17, 939492, 76),
(4202, 24, 939492, 296),
(4203, 25, 939492, 20),
(4204, 7, 939492, 157),
(4205, 31, 939492, 213),
(4206, 16, 939492, 126),
(4207, 12, 939492, 305),
(4208, 12, 939492, 324),
(4209, 45, 939492, 461),
(4210, 31, 939492, 217),
(4211, 36, 939492, 303),
(4212, 4, 939492, 415),
(4213, 4, 256702, 418),
(4214, 38, 682912, 308),
(4215, 4, 682912, 416),
(4216, 10, 682912, 456),
(4217, 18, 682912, 8),
(4218, 21, 682912, 0),
(4219, 43, 682912, 23),
(4220, 33, 682912, 411),
(4221, 32, 682912, 399),
(4222, 41, 760036, 18),
(4223, 24, 678357, 24),
(4224, 24, 678357, 287),
(4225, 46, 120763, 18),
(4226, 24, 678357, 12),
(4227, 24, 678357, 0),
(4228, 24, 678357, 0),
(4229, 24, 678357, 177),
(4230, 24, 678357, 166),
(4231, 24, 678357, 131),
(4232, 24, 678357, 123),
(4233, 24, 678357, 99),
(4234, 24, 678357, 85),
(4235, 24, 678357, 74),
(4236, 24, 678357, 30),
(4237, 42, 487576, 70),
(4238, 42, 487576, 17),
(4239, 11, 661275, 302),
(4240, 44, 661275, 514),
(4241, 8, 661275, 142),
(4242, 16, 661275, 288),
(4243, 11, 171290, 0),
(4244, 19, 542141, 13),
(4245, 17, 542141, 45),
(4246, 39, 679522, 58),
(4247, 6, 947032, 24),
(4248, 6, 947032, 252),
(4249, 41, 375030, 296),
(4250, 26, 375030, 145),
(4251, 42, 319178, 163),
(4252, 5, 967755, 58),
(4253, 3, 967755, 16),
(4254, 12, 498555, 24),
(4255, 38, 498555, 0),
(4256, 20, 498555, 34),
(4257, 8, 871221, 44),
(4258, 28, 871221, 40),
(4259, 12, 871221, 298),
(4260, 5, 871221, 0),
(4261, 5, 871221, 70),
(4262, 10, 871221, 156),
(4263, 19, 871221, 32),
(4264, 33, 871221, 40),
(4265, 20, 871221, 0),
(4266, 6, 871221, 450),
(4267, 28, 871221, 5),
(4268, 14, 871221, 1),
(4269, 32, 107881, 34),
(4270, 20, 871221, 4),
(4271, 22, 107881, 204),
(4272, 3, 871221, 42),
(4273, 38, 871221, 6),
(4274, 46, 369267, 162),
(4275, 40, 530970, 132),
(4276, 40, 103543, 325),
(4277, 30, 103543, 405),
(4278, 1, 103543, 293),
(4279, 39, 190127, 526),
(4280, 5, 190127, 0),
(4281, 30, 190127, 420),
(4282, 36, 190127, 478),
(4283, 18, 190127, 194),
(4284, 8, 190127, 191),
(4285, 17, 190127, 8),
(4286, 5, 511606, 192),
(4287, 33, 511606, 0),
(4288, 2, 511606, 118),
(4289, 30, 511606, 420),
(4290, 9, 511606, 373),
(4291, 14, 511606, 395),
(4292, 31, 511606, 217),
(4293, 3, 511606, 308),
(4294, 34, 511606, 232),
(4295, 28, 511606, 403),
(4296, 14, 736807, 138),
(4297, 24, 511606, 310),
(4298, 27, 736807, 88),
(4299, 28, 511606, 404),
(4300, 15, 511606, 396),
(4301, 33, 736807, 0),
(4302, 5, 511606, 159),
(4303, 44, 736807, 0),
(4304, 24, 511606, 310),
(4305, 43, 736807, 0),
(4306, 7, 380641, 7),
(4307, 27, 380641, 282),
(4308, 20, 380641, 0),
(4309, 3, 380641, 322),
(4310, 9, 380641, 192),
(4311, 27, 926068, 194),
(4312, 27, 926068, 50),
(4313, 27, 926068, 84),
(4314, 14, 234129, 163),
(4315, 14, 234129, 368),
(4316, 27, 234129, 297),
(4317, 12, 445636, 278),
(4318, 29, 445636, 354),
(4319, 26, 445636, 0),
(4320, 23, 445636, 305),
(4321, 4, 445636, 0),
(4322, 28, 445636, 380),
(4323, 37, 445636, 537),
(4324, 20, 445636, 0),
(4325, 20, 445636, 66),
(4326, 35, 103734, 263),
(4327, 43, 103734, 116),
(4328, 43, 103734, 397),
(4329, 43, 103734, 0),
(4330, 23, 103734, 78),
(4331, 23, 103734, 6),
(4332, 23, 103734, 222),
(4333, 23, 103734, 0),
(4334, 23, 103734, 48),
(4335, 23, 103734, 42),
(4336, 23, 103734, 210),
(4337, 33, 103734, 406),
(4338, 36, 103734, 256),
(4339, 36, 103734, 489),
(4340, 23, 103734, 289),
(4341, 46, 846817, 461),
(4342, 33, 846817, 429),
(4343, 15, 846817, 364),
(4344, 31, 846817, 208),
(4345, 1, 527011, 246),
(4346, 1, 527011, 240),
(4347, 17, 775874, 207),
(4348, 11, 968336, 0),
(4349, 25, 398007, 38),
(4350, 25, 398007, 114),
(4351, 24, 429129, 0),
(4352, 17, 537842, 249),
(4353, 34, 709950, 26),
(4354, 11, 709950, 311),
(4355, 37, 709950, 523),
(4356, 19, 961741, 263),
(4357, 19, 961741, 364),
(4358, 26, 961741, 101),
(4359, 4, 961741, 32),
(4360, 31, 961741, 213),
(4361, 35, 961741, 34),
(4362, 11, 961741, 282),
(4363, 45, 961741, 6),
(4364, 13, 961741, 60),
(4365, 13, 961741, 426),
(4366, 45, 961741, 444),
(4367, 18, 967238, 0),
(4368, 30, 961741, 415),
(4369, 18, 967238, 0),
(4370, 18, 967238, 195),
(4371, 14, 961741, 387),
(4372, 18, 967238, 185),
(4373, 23, 967238, 102),
(4374, 23, 967238, 277),
(4375, 39, 967238, 64),
(4376, 43, 967238, 256),
(4377, 13, 967238, 144),
(4378, 1, 967238, 311),
(4379, 4, 967238, 418),
(4380, 37, 967238, 535),
(4381, 9, 637743, 144),
(4382, 10, 967238, 459),
(4383, 10, 967238, 483),
(4384, 40, 967238, 369),
(4385, 1, 967238, 322),
(4386, 38, 967238, 252),
(4387, 44, 967238, 422),
(4388, 44, 967238, 612),
(4389, 24, 967238, 198),
(4390, 26, 967238, 367),
(4391, 29, 967238, 338),
(4392, 38, 669148, 303),
(4393, 45, 967238, 288),
(4394, 38, 669148, 303),
(4395, 45, 967238, 156),
(4396, 14, 967238, 101),
(4397, 42, 594117, 337),
(4398, 43, 594117, 11),
(4399, 6, 594117, 174),
(4400, 6, 594117, 483),
(4401, 28, 594117, 403),
(4402, 46, 594117, 445),
(4403, 30, 594117, 413),
(4404, 30, 594117, 359),
(4405, 30, 594117, 399),
(4406, 40, 594117, 374),
(4407, 4, 594117, 409),
(4408, 4, 594117, 413),
(4409, 22, 594117, 90),
(4410, 22, 594117, 156),
(4411, 9, 594117, 6),
(4412, 1, 594117, 321),
(4413, 8, 594117, 102),
(4414, 37, 594117, 401),
(4415, 37, 594117, 495),
(4416, 19, 594117, 390),
(4417, 12, 594117, 273),
(4418, 30, 594117, 421),
(4419, 25, 594117, 2),
(4420, 14, 594117, 394),
(4421, 35, 594117, 22),
(4422, 35, 594117, 295),
(4423, 28, 594117, 391),
(4424, 28, 594117, 394),
(4425, 38, 594117, 311),
(4426, 23, 594117, 36),
(4427, 23, 594117, 54),
(4428, 23, 594117, 258),
(4429, 32, 594117, 385),
(4430, 9, 319216, 114),
(4431, 7, 295356, 52),
(4432, 38, 295356, 30),
(4433, 16, 295356, 64),
(4434, 18, 926196, 100),
(4435, 40, 849801, 362),
(4436, 28, 849801, 400),
(4437, 44, 849801, 28),
(4438, 44, 849801, 595),
(4439, 34, 849801, 236),
(4440, 41, 849801, 308),
(4441, 14, 115137, 374),
(4442, 6, 115137, 492),
(4443, 14, 115137, 391),
(4444, 45, 115137, 451),
(4445, 15, 115137, 164),
(4446, 15, 115137, 114),
(4447, 3, 115137, 158),
(4448, 6, 115137, 496),
(4449, 6, 115137, 496),
(4450, 22, 534780, 194),
(4451, 40, 534780, 273),
(4452, 35, 646032, 23),
(4453, 31, 646032, 128),
(4454, 34, 814733, 7),
(4455, 43, 482724, 5),
(4456, 28, 482724, 390),
(4457, 9, 482724, 234),
(4458, 41, 654491, 18),
(4459, 41, 654491, 295),
(4460, 29, 767959, 239),
(4461, 34, 712368, 238),
(4462, 35, 712368, 11),
(4463, 43, 712368, 432),
(4464, 29, 712368, 340),
(4465, 30, 712368, 414),
(4466, 38, 597123, 180),
(4467, 3, 597123, 88),
(4468, 34, 597123, 20),
(4469, 26, 597123, 0),
(4470, 18, 382288, 0),
(4471, 13, 382288, 0),
(4472, 35, 382288, 0),
(4473, 40, 382288, 177),
(4474, 28, 382288, 239),
(4475, 18, 382288, 16),
(4476, 38, 382288, 0),
(4477, 17, 382288, 0),
(4478, 17, 382288, 108),
(4479, 42, 382288, 17),
(4480, 42, 382288, 354),
(4481, 42, 382288, 321),
(4482, 24, 382288, 156),
(4483, 35, 382288, 0),
(4484, 35, 382288, 236),
(4485, 26, 382288, 0),
(4486, 12, 382288, 0),
(4487, 18, 382288, 0),
(4488, 6, 289010, 228),
(4489, 28, 289010, 75),
(4490, 1, 289010, 90),
(4491, 8, 289010, 116),
(4492, 16, 289010, 214),
(4493, 30, 289010, 413),
(4494, 32, 805533, 145),
(4495, 7, 805533, 0),
(4496, 37, 805533, 186),
(4497, 35, 805533, 98),
(4498, 12, 805533, 264),
(4499, 32, 805533, 162),
(4500, 42, 805533, 354),
(4501, 42, 805533, 357),
(4502, 19, 805533, 13),
(4503, 38, 213760, 24),
(4504, 31, 213760, 202),
(4505, 9, 213760, 204),
(4506, 8, 213760, 8),
(4507, 36, 213760, 5),
(4508, 8, 213760, 0),
(4509, 38, 213760, 12),
(4510, 16, 213760, 163),
(4511, 4, 213760, 7),
(4512, 33, 213760, 192),
(4513, 25, 213760, 63),
(4514, 37, 213760, 0),
(4515, 38, 730010, 54),
(4516, 38, 213760, 12),
(4517, 24, 730010, 90),
(4518, 12, 213760, 228),
(4519, 17, 213760, 32),
(4520, 4, 213760, 244),
(4521, 29, 213760, 17),
(4522, 16, 213760, 0),
(4523, 34, 213760, 1),
(4524, 29, 213760, 309),
(4525, 41, 213760, 240),
(4526, 41, 213760, 168),
(4527, 15, 213760, 213),
(4528, 33, 213760, 35),
(4529, 13, 696013, 114),
(4530, 6, 166301, 54),
(4531, 14, 166301, 163),
(4532, 44, 929649, 120),
(4533, 44, 929649, 16),
(4534, 44, 929649, 0),
(4535, 44, 929649, 0),
(4536, 44, 929649, 306),
(4537, 21, 750088, 42),
(4538, 11, 750088, 0),
(4539, 7, 912847, 13),
(4540, 7, 912847, 89),
(4541, 16, 912847, 26),
(4542, 19, 912847, 19),
(4543, 45, 912847, 12),
(4544, 42, 912847, 262),
(4545, 26, 912847, 70),
(4546, 17, 912847, 188),
(4547, 27, 912847, 256),
(4548, 44, 912847, 22),
(4549, 20, 912847, 76),
(4550, 44, 912847, 416),
(4551, 5, 912847, 82),
(4552, 30, 977777, 408),
(4553, 30, 977777, 407),
(4554, 6, 654135, 18),
(4555, 23, 625643, 306),
(4556, 34, 858873, 180),
(4557, 44, 334506, 434),
(4558, 44, 334506, 0),
(4559, 1, 334506, 90),
(4560, 39, 416239, 276),
(4561, 42, 334506, 145),
(4562, 7, 334506, 151),
(4563, 21, 334506, 0),
(4564, 23, 334506, 30),
(4565, 23, 334506, 296),
(4566, 30, 334506, 28),
(4567, 34, 839032, 26),
(4568, 15, 890130, 19),
(4569, 15, 890130, 0),
(4570, 25, 499966, 250),
(4571, 29, 480905, 303),
(4572, 18, 499966, 162),
(4573, 2, 480905, 8),
(4574, 24, 480905, 252),
(4575, 24, 480905, 252),
(4576, 24, 480905, 252),
(4577, 24, 480905, 252),
(4578, 24, 480905, 252),
(4579, 24, 480905, 252),
(4580, 17, 480905, 252),
(4581, 4, 499966, 32),
(4582, 17, 480905, 208),
(4583, 17, 480905, 208),
(4584, 17, 480905, 208),
(4585, 17, 480905, 208),
(4586, 12, 480905, 246),
(4587, 12, 480905, 246),
(4588, 12, 480905, 246),
(4589, 12, 480905, 246),
(4590, 12, 480905, 246),
(4591, 12, 480905, 246),
(4592, 12, 480905, 246),
(4593, 12, 480905, 246),
(4594, 12, 480905, 246),
(4595, 12, 480905, 246),
(4596, 12, 480905, 246),
(4597, 7, 480905, 246),
(4598, 26, 480905, 320),
(4599, 26, 480905, 320),
(4600, 26, 480905, 320),
(4601, 27, 480905, 320),
(4602, 26, 893399, 350),
(4603, 43, 893399, 274),
(4604, 43, 893399, 400),
(4605, 32, 893399, 29),
(4606, 25, 893399, 267),
(4607, 39, 464883, 138),
(4608, 10, 893399, 454),
(4609, 37, 464883, 490),
(4610, 8, 464883, 2),
(4611, 41, 464883, 264),
(4612, 24, 868394, 18),
(4613, 45, 464883, 12),
(4614, 23, 464883, 301),
(4615, 24, 868394, 18),
(4616, 9, 464883, 228),
(4617, 7, 464883, 138),
(4618, 28, 715778, 64),
(4619, 41, 464883, 307),
(4620, 28, 715778, 332),
(4621, 2, 464883, 50),
(4622, 28, 715778, 168),
(4623, 15, 715778, 0),
(4624, 1, 456944, 192),
(4625, 1, 456944, 174),
(4626, 12, 125375, 276),
(4627, 19, 125375, 57),
(4628, 1, 220166, 18),
(4629, 36, 194503, 11),
(4630, 36, 194503, 487),
(4631, 25, 204356, 0),
(4632, 19, 204356, 294),
(4633, 43, 262952, 145),
(4634, 34, 280953, 0),
(4635, 18, 566744, 94),
(4636, 28, 254377, 385),
(4637, 27, 254377, 78),
(4638, 29, 456823, 70),
(4639, 20, 420952, 70),
(4640, 1, 217605, 6),
(4641, 1, 217605, 0),
(4642, 46, 184784, 168),
(4643, 20, 184784, 0),
(4644, 45, 144927, 12),
(4645, 20, 147954, 0),
(4646, 30, 544538, 412),
(4647, 27, 161943, 188),
(4648, 34, 846537, 220),
(4649, 31, 517086, 208),
(4650, 15, 161943, 1),
(4651, 29, 846537, 0),
(4652, 29, 846537, 357),
(4653, 37, 517086, 11),
(4654, 33, 846537, 429),
(4655, 33, 846537, 438),
(4656, 25, 846537, 0),
(4657, 37, 483085, 98),
(4658, 39, 850420, 8),
(4659, 23, 871527, 162),
(4660, 6, 118106, 6),
(4661, 39, 889412, 284),
(4662, 15, 889412, 0),
(4663, 15, 889412, 152),
(4664, 33, 889412, 168),
(4665, 14, 238417, 107),
(4666, 31, 889412, 212),
(4667, 33, 116804, 233),
(4668, 33, 679743, 128),
(4669, 33, 116804, 11),
(4670, 39, 889412, 462),
(4671, 33, 116804, 5),
(4672, 33, 116804, 406),
(4673, 10, 889412, 426),
(4674, 8, 116804, 76),
(4675, 33, 889412, 174),
(4676, 3, 116804, 0),
(4677, 34, 116804, 228),
(4678, 6, 116804, 42),
(4679, 12, 429422, 314),
(4680, 35, 429422, 292),
(4681, 20, 728189, 68),
(4682, 11, 728189, 297),
(4683, 1, 728189, 54),
(4684, 18, 377196, 10),
(4685, 25, 443919, 113),
(4686, 22, 443919, 28),
(4687, 15, 443919, 7),
(4688, 28, 443919, 233),
(4689, 22, 443919, 108),
(4690, 23, 443919, 66),
(4691, 14, 443919, 386),
(4692, 14, 443919, 379),
(4693, 30, 443919, 415),
(4694, 9, 443919, 18),
(4695, 42, 446694, 58),
(4696, 31, 446694, 76),
(4697, 3, 925320, 88),
(4698, 19, 446694, 26),
(4699, 19, 446694, 0),
(4700, 8, 938009, 28),
(4701, 41, 984627, 204),
(4702, 45, 984627, 48),
(4703, 14, 938009, 350),
(4704, 3, 938009, 317),
(4705, 23, 358368, 78),
(4706, 23, 358368, 42),
(4707, 29, 221928, 5),
(4708, 46, 358368, 132),
(4709, 29, 221928, 75),
(4710, 46, 358368, 60),
(4711, 29, 221928, 0),
(4712, 46, 358368, 324),
(4713, 37, 938009, 198),
(4714, 14, 358368, 382),
(4715, 29, 221928, 308),
(4716, 14, 221928, 388),
(4717, 33, 358368, 151),
(4718, 17, 221928, 20),
(4719, 23, 358368, 138),
(4720, 32, 221928, 110),
(4721, 2, 221928, 110),
(4722, 24, 221928, 297),
(4723, 27, 221928, 297),
(4724, 40, 221928, 234),
(4725, 43, 221928, 0),
(4726, 34, 221928, 182),
(4727, 43, 221928, 332),
(4728, 23, 221928, 308),
(4729, 23, 221928, 299),
(4730, 23, 221928, 287),
(4731, 23, 221928, 275),
(4732, 46, 221928, 120),
(4733, 19, 221928, 126),
(4734, 13, 221928, 162),
(4735, 3, 221928, 303),
(4736, 38, 221928, 12),
(4737, 46, 221928, 318),
(4738, 10, 221928, 443),
(4739, 5, 221928, 189),
(4740, 36, 358368, 5),
(4741, 35, 358368, 186),
(4742, 14, 358368, 7),
(4743, 33, 895552, 11),
(4744, 33, 895552, 361),
(4745, 46, 895552, 162),
(4746, 42, 895552, 355),
(4747, 22, 895552, 134),
(4748, 23, 895552, 306),
(4749, 23, 895552, 285),
(4750, 8, 895552, 62),
(4751, 36, 895552, 492),
(4752, 15, 895552, 385),
(4753, 41, 895552, 72),
(4754, 28, 895552, 399),
(4755, 21, 895552, 102),
(4756, 35, 895552, 63),
(4757, 8, 895552, 128),
(4758, 6, 661976, 180),
(4759, 2, 895552, 72),
(4760, 30, 895552, 411),
(4761, 30, 895552, 407),
(4762, 11, 895552, 300),
(4763, 17, 895552, 7),
(4764, 31, 231614, 199),
(4765, 13, 231614, 276),
(4766, 5, 231614, 0),
(4767, 37, 231614, 539),
(4768, 8, 231614, 174),
(4769, 9, 286560, 102),
(4770, 9, 286560, 60),
(4771, 40, 231614, 183),
(4772, 19, 286560, 7),
(4773, 41, 231614, 228),
(4774, 28, 286560, 391),
(4775, 41, 231614, 270),
(4776, 9, 231614, 12),
(4777, 15, 231614, 388),
(4778, 22, 487973, 108),
(4779, 22, 487973, 16),
(4780, 3, 295783, 320),
(4781, 26, 799693, 88),
(4782, 34, 254496, 88),
(4783, 21, 545828, 22),
(4784, 46, 819663, 384),
(4785, 1, 622740, 114),
(4786, 1, 622740, 240),
(4787, 1, 622740, 312);
INSERT INTO `tbl_scores` (`id`, `section_id`, `user_id`, `score`) VALUES
(4788, 26, 479438, 126),
(4789, 35, 141859, 265),
(4790, 16, 141859, 1),
(4791, 22, 141859, 128),
(4792, 1, 556576, 18),
(4793, 16, 237587, 381),
(4794, 1, 730893, 30),
(4795, 4, 472470, 319),
(4796, 1, 730893, 292),
(4797, 4, 472470, 126),
(4798, 4, 472470, 381),
(4799, 12, 151257, 240),
(4800, 45, 472470, 414),
(4801, 6, 151257, 483),
(4802, 34, 151257, 213),
(4803, 29, 472470, 17),
(4804, 34, 151257, 241),
(4805, 29, 472470, 345),
(4806, 13, 151257, 6),
(4807, 35, 151257, 276),
(4808, 10, 472470, 443),
(4809, 17, 472470, 157),
(4810, 24, 472470, 48),
(4811, 20, 333391, 8),
(4812, 20, 333391, 16),
(4813, 20, 333391, 150),
(4814, 12, 333391, 198),
(4815, 46, 333391, 132),
(4816, 2, 360467, 0),
(4817, 2, 360467, 0),
(4818, 33, 335481, 343),
(4819, 19, 360467, 344),
(4820, 31, 360467, 205),
(4821, 3, 335481, 8),
(4822, 1, 360467, 18),
(4823, 6, 320692, 120),
(4824, 3, 335481, 190),
(4825, 19, 335481, 282),
(4826, 5, 335481, 128),
(4827, 15, 335481, 257),
(4828, 39, 335481, 14),
(4829, 39, 335481, 458),
(4830, 30, 335481, 407),
(4831, 19, 335481, 338),
(4832, 22, 335481, 82),
(4833, 43, 989760, 122),
(4834, 31, 989760, 217),
(4835, 10, 989760, 480),
(4836, 41, 989760, 78),
(4837, 17, 954246, 258),
(4838, 2, 954246, 0),
(4839, 33, 954246, 227),
(4840, 33, 954246, 410),
(4841, 7, 954246, 101),
(4842, 30, 954246, 413),
(4843, 26, 954246, 300),
(4844, 15, 954246, 1),
(4845, 3, 767044, 0),
(4846, 10, 954246, 0),
(4847, 9, 954246, 282),
(4848, 3, 767044, 156),
(4849, 35, 335100, 17),
(4850, 3, 767044, 0),
(4851, 3, 767044, 0),
(4852, 30, 431285, 415),
(4853, 19, 431285, 13),
(4854, 6, 599570, 270),
(4855, 30, 431285, 418),
(4856, 27, 944068, 275),
(4857, 44, 221140, 34),
(4858, 4, 944068, 421),
(4859, 32, 568464, 381),
(4860, 32, 568464, 380),
(4861, 32, 568464, 379),
(4862, 18, 568464, 164),
(4863, 18, 568464, 164),
(4864, 18, 568464, 164),
(4865, 18, 568464, 164),
(4866, 18, 568464, 164),
(4867, 44, 568464, 582),
(4868, 44, 568464, 582),
(4869, 44, 568464, 582),
(4870, 44, 568464, 582),
(4871, 44, 568464, 582),
(4872, 44, 568464, 582),
(4873, 44, 568464, 582),
(4874, 44, 568464, 582),
(4875, 11, 671503, 108),
(4876, 23, 671503, 54),
(4877, 42, 568464, 326),
(4878, 42, 568464, 326),
(4879, 42, 568464, 326),
(4880, 42, 568464, 326),
(4881, 38, 671503, 12),
(4882, 43, 568464, 402),
(4883, 43, 568464, 402),
(4884, 43, 568464, 402),
(4885, 43, 568464, 402),
(4886, 43, 568464, 402),
(4887, 29, 568464, 332),
(4888, 29, 568464, 332),
(4889, 29, 568464, 332),
(4890, 15, 568464, 375),
(4891, 15, 568464, 375),
(4892, 15, 568464, 375),
(4893, 15, 568464, 375),
(4894, 15, 568464, 375),
(4895, 15, 568464, 375),
(4896, 41, 116668, 96),
(4897, 32, 116668, 250),
(4898, 46, 310013, 48),
(4899, 30, 116668, 406),
(4900, 30, 116668, 405),
(4901, 46, 310013, 150),
(4902, 4, 517446, 0),
(4903, 33, 809123, 134),
(4904, 22, 487895, 128),
(4905, 4, 517446, 20),
(4906, 15, 693913, 164),
(4907, 41, 487895, 288),
(4908, 29, 517446, 256),
(4909, 7, 693913, 26),
(4910, 10, 809123, 246),
(4911, 17, 487895, 232),
(4912, 34, 517446, 0),
(4913, 35, 949279, 23),
(4914, 25, 487895, 318),
(4915, 37, 693913, 121),
(4916, 34, 517446, 220),
(4917, 14, 693913, 387),
(4918, 40, 487895, 297),
(4919, 30, 693913, 414),
(4920, 13, 676948, 120),
(4921, 40, 487895, 358),
(4922, 16, 693913, 114),
(4923, 27, 487895, 300),
(4924, 14, 676948, 7),
(4925, 17, 517446, 77),
(4926, 43, 693913, 0),
(4927, 14, 676948, 151),
(4928, 34, 693913, 1),
(4929, 10, 487895, 366),
(4930, 16, 799056, 26),
(4931, 14, 676948, 314),
(4932, 8, 487895, 2),
(4933, 2, 693913, 76),
(4934, 25, 799056, 7),
(4935, 8, 487895, 203),
(4936, 19, 693913, 257),
(4937, 14, 676948, 2),
(4938, 40, 799056, 0),
(4939, 3, 693913, 297),
(4940, 36, 676948, 486),
(4941, 39, 487895, 0),
(4942, 15, 799056, 45),
(4943, 18, 693913, 0),
(4944, 45, 676948, 258),
(4945, 35, 487895, 256),
(4946, 2, 799056, 0),
(4947, 15, 676948, 378),
(4948, 26, 487895, 207),
(4949, 10, 676948, 390),
(4950, 26, 487895, 332),
(4951, 35, 676948, 0),
(4952, 42, 625275, 52),
(4953, 18, 544489, 0),
(4954, 7, 625275, 188),
(4955, 31, 625275, 211),
(4956, 24, 625275, 301),
(4957, 33, 203813, 23),
(4958, 9, 418102, 294),
(4959, 6, 297684, 408),
(4960, 19, 297684, 7),
(4961, 42, 154850, 346),
(4962, 42, 154850, 347),
(4963, 4, 841649, 7),
(4964, 4, 841649, 9),
(4965, 6, 841649, 54),
(4966, 6, 841649, 12),
(4967, 9, 129456, 120),
(4968, 9, 129456, 6),
(4969, 9, 129456, 24),
(4970, 9, 129456, 72),
(4971, 19, 888762, 219),
(4972, 9, 129456, 0),
(4973, 19, 888762, 1),
(4974, 21, 129456, 50),
(4975, 19, 888762, 270),
(4976, 21, 129456, 0),
(4977, 21, 129456, 0),
(4978, 19, 888762, 341),
(4979, 28, 888762, 400),
(4980, 21, 129456, 163),
(4981, 31, 888762, 199),
(4982, 31, 888762, 198),
(4983, 37, 129456, 23),
(4984, 37, 129456, 524),
(4985, 37, 888762, 522),
(4986, 41, 129456, 162),
(4987, 11, 888762, 318),
(4988, 41, 129456, 282),
(4989, 36, 129456, 116),
(4990, 14, 888762, 333),
(4991, 36, 129456, 139),
(4992, 16, 888762, 392),
(4993, 27, 888762, 299),
(4994, 36, 129456, 460),
(4995, 22, 888762, 189),
(4996, 32, 129456, 17),
(4997, 5, 888762, 217),
(4998, 32, 129456, 34),
(4999, 32, 129456, 376),
(5000, 7, 888762, 229),
(5001, 28, 129456, 389),
(5002, 30, 888762, 405),
(5003, 15, 870129, 393),
(5004, 17, 870129, 263),
(5005, 13, 129456, 174),
(5006, 37, 888762, 533),
(5007, 17, 888762, 267),
(5008, 21, 794402, 148),
(5009, 3, 888762, 310),
(5010, 31, 888762, 216),
(5011, 9, 888762, 344),
(5012, 11, 888762, 310),
(5013, 4, 888762, 410),
(5014, 32, 888762, 400),
(5015, 3, 888762, 313),
(5016, 3, 888762, 301),
(5017, 24, 616612, 286),
(5018, 6, 616612, 18),
(5019, 9, 415230, 6),
(5020, 23, 937128, 114),
(5021, 39, 749164, 0),
(5022, 20, 749164, 0),
(5023, 25, 749164, 194),
(5024, 39, 749164, 0),
(5025, 36, 749164, 320),
(5026, 3, 749164, 316),
(5027, 36, 749164, 262),
(5028, 46, 896407, 12),
(5029, 35, 749164, 63),
(5030, 30, 749164, 412),
(5031, 38, 749164, 303),
(5032, 14, 749164, 388),
(5033, 26, 749164, 0),
(5034, 45, 209657, 378),
(5035, 4, 209657, 126),
(5036, 46, 209657, 0),
(5037, 15, 209657, 0),
(5038, 16, 503585, 57),
(5039, 4, 256076, 7),
(5040, 4, 256076, 126),
(5041, 14, 503585, 69),
(5042, 36, 256076, 481),
(5043, 19, 503585, 300),
(5044, 42, 256076, 93),
(5045, 30, 623596, 403),
(5046, 43, 623596, 10),
(5047, 21, 623596, 30),
(5048, 25, 623596, 126),
(5049, 18, 623596, 68),
(5050, 23, 623596, 0),
(5051, 31, 623596, 209),
(5052, 10, 623596, 342),
(5053, 22, 266093, 88),
(5054, 27, 266093, 277),
(5055, 46, 266093, 204),
(5056, 8, 266093, 156),
(5057, 31, 266093, 213),
(5058, 46, 266093, 0),
(5059, 23, 266093, 108),
(5060, 11, 266093, 132),
(5061, 24, 266093, 12),
(5062, 7, 266093, 20),
(5063, 28, 266093, 397),
(5064, 37, 266093, 34),
(5065, 33, 266093, 0),
(5066, 40, 266093, 0),
(5067, 2, 514288, 94),
(5068, 17, 266093, 107),
(5069, 43, 514288, 23),
(5070, 29, 266093, 122),
(5071, 41, 266093, 258),
(5072, 41, 266093, 301),
(5073, 8, 266093, 0),
(5074, 36, 266093, 127),
(5075, 24, 266093, 12),
(5076, 31, 383615, 148),
(5077, 10, 723612, 479),
(5078, 31, 383615, 205),
(5079, 4, 723612, 33),
(5080, 34, 383615, 222),
(5081, 26, 890664, 0),
(5082, 9, 890664, 12),
(5083, 25, 890664, 0),
(5084, 20, 740213, 0),
(5085, 12, 314610, 108),
(5086, 29, 336599, 87),
(5087, 27, 336599, 182),
(5088, 28, 336599, 383),
(5089, 21, 441900, 0),
(5090, 37, 336599, 17),
(5091, 11, 441900, 144),
(5092, 10, 719926, 144),
(5093, 35, 336599, 11),
(5094, 28, 441900, 396),
(5095, 9, 441900, 168),
(5096, 27, 654092, 74),
(5097, 21, 441900, 0),
(5098, 34, 441900, 227),
(5099, 32, 371662, 105),
(5100, 34, 659413, 82),
(5101, 40, 932027, 174),
(5102, 5, 926638, 196),
(5103, 15, 926638, 363),
(5104, 8, 926638, 22),
(5105, 1, 464407, 6),
(5106, 29, 563888, 17),
(5107, 35, 403590, 0),
(5108, 36, 403590, 505),
(5109, 36, 403590, 492),
(5110, 16, 744922, 383),
(5111, 30, 112995, 414),
(5112, 12, 112995, 286),
(5113, 3, 112995, 142),
(5114, 12, 112995, 300),
(5115, 41, 112995, 126),
(5116, 35, 112995, 276),
(5117, 26, 112995, 226),
(5118, 18, 112995, 62),
(5119, 23, 586715, 240),
(5120, 1, 112995, 228),
(5121, 44, 586715, 204),
(5122, 12, 112995, 72),
(5123, 12, 112995, 301),
(5124, 36, 112995, 402),
(5125, 29, 112995, 256),
(5126, 12, 112995, 321),
(5127, 14, 112995, 369),
(5128, 24, 454723, 0),
(5129, 3, 112995, 56),
(5130, 28, 112995, 198),
(5131, 22, 112995, 88),
(5132, 15, 820227, 1),
(5133, 23, 820227, 0),
(5134, 16, 820227, 0),
(5135, 41, 209136, 198),
(5136, 44, 641310, 102),
(5137, 33, 193173, 379),
(5138, 29, 817981, 227),
(5139, 46, 607643, 168),
(5140, 38, 922517, 234),
(5141, 46, 607643, 276),
(5142, 46, 607643, 414),
(5143, 46, 607643, 0),
(5144, 46, 607643, 24),
(5145, 14, 634785, 380),
(5146, 45, 607643, 96),
(5147, 21, 972569, 0),
(5148, 7, 972569, 0),
(5149, 29, 509811, 69),
(5150, 1, 972569, 180),
(5151, 29, 972569, 303),
(5152, 41, 972569, 132),
(5153, 35, 972569, 275),
(5154, 9, 972569, 282),
(5155, 35, 972569, 0),
(5156, 28, 972569, 395),
(5157, 22, 972569, 148),
(5158, 29, 566818, 239),
(5159, 29, 566818, 221),
(5160, 23, 566818, 300),
(5161, 18, 167896, 114),
(5162, 6, 478892, 492),
(5163, 18, 167896, 186),
(5164, 33, 478892, 5),
(5165, 18, 167896, 84),
(5166, 18, 167896, 72),
(5167, 24, 167896, 66),
(5168, 38, 167896, 6),
(5169, 38, 995159, 12),
(5170, 16, 362399, 20),
(5171, 46, 360564, 324),
(5172, 14, 294617, 107),
(5173, 14, 360564, 386),
(5174, 14, 360564, 0),
(5175, 14, 360564, 346),
(5176, 14, 360564, 359),
(5177, 1, 360564, 144),
(5178, 33, 360564, 5),
(5179, 33, 360564, 285),
(5180, 24, 360564, 102),
(5181, 26, 360564, 345),
(5182, 28, 360564, 397),
(5183, 26, 360564, 103),
(5184, 24, 251317, 36),
(5185, 26, 360564, 327),
(5186, 16, 251317, 0),
(5187, 43, 360564, 314),
(5188, 38, 360564, 295),
(5189, 31, 251317, 189),
(5190, 11, 251317, 300),
(5191, 14, 251317, 369),
(5192, 30, 337134, 200),
(5193, 13, 398561, 126),
(5194, 42, 398561, 128),
(5195, 1, 398561, 309),
(5196, 22, 398561, 2),
(5197, 24, 584436, 264),
(5198, 24, 584436, 102),
(5199, 24, 584436, 285),
(5200, 13, 584436, 18),
(5201, 41, 584436, 216),
(5202, 14, 584436, 319),
(5203, 7, 584436, 0),
(5204, 27, 584436, 278),
(5205, 9, 584436, 48),
(5206, 19, 584436, 157),
(5207, 38, 849293, 12),
(5208, 38, 849293, 0),
(5209, 38, 849293, 6),
(5210, 33, 346835, 17),
(5211, 38, 849293, 144),
(5212, 33, 346835, 0),
(5213, 33, 346835, 414),
(5214, 38, 849293, 0),
(5215, 23, 346835, 102),
(5216, 38, 849293, 288),
(5217, 23, 346835, 180),
(5218, 38, 849293, 286),
(5219, 22, 849293, 88),
(5220, 4, 346835, 163),
(5221, 4, 346835, 220),
(5222, 4, 346835, 183),
(5223, 4, 346835, 389),
(5224, 13, 346835, 0),
(5225, 36, 346835, 11),
(5226, 46, 346835, 192),
(5227, 41, 346835, 300),
(5228, 26, 346835, 176),
(5229, 17, 346835, 201),
(5230, 28, 346835, 401),
(5231, 28, 701299, 309),
(5232, 40, 346835, 321),
(5233, 36, 346835, 490),
(5234, 21, 827478, 0),
(5235, 21, 827478, 70),
(5236, 22, 628463, 68),
(5237, 21, 827478, 104),
(5238, 22, 628463, 197),
(5239, 2, 827478, 32),
(5240, 36, 633387, 495),
(5241, 21, 633387, 4),
(5242, 20, 633387, 22),
(5243, 17, 633387, 253),
(5244, 31, 633387, 204),
(5245, 19, 633387, 319),
(5246, 18, 633387, 0),
(5247, 16, 633387, 2),
(5248, 30, 633387, 417),
(5249, 7, 561823, 57),
(5250, 35, 633387, 22),
(5251, 27, 561823, 279),
(5252, 17, 561823, 265),
(5253, 12, 561823, 150),
(5254, 27, 623037, 301),
(5255, 26, 279850, 282),
(5256, 22, 402895, 116),
(5257, 26, 402895, 371),
(5258, 17, 924648, 270),
(5259, 28, 924648, 399),
(5260, 28, 924648, 370),
(5261, 28, 924648, 360),
(5262, 28, 924648, 348),
(5263, 39, 468517, 469),
(5264, 18, 468517, 197),
(5265, 21, 517626, 0),
(5266, 21, 517626, 0),
(5267, 21, 517626, 0),
(5268, 21, 517626, 178),
(5269, 17, 517626, 237),
(5270, 46, 517626, 438),
(5271, 17, 517626, 260),
(5272, 31, 517626, 207),
(5273, 33, 517626, 436),
(5274, 15, 517626, 392),
(5275, 34, 517626, 228),
(5276, 3, 517626, 0),
(5277, 21, 676915, 16),
(5278, 31, 676915, 219),
(5279, 29, 676915, 332),
(5280, 29, 676915, 359),
(5281, 27, 676915, 293),
(5282, 37, 676915, 543),
(5283, 31, 676915, 219),
(5284, 46, 676915, 469),
(5285, 24, 676915, 309),
(5286, 24, 676915, 300),
(5287, 24, 676915, 290),
(5288, 8, 676915, 10),
(5289, 5, 676915, 187),
(5290, 19, 676915, 384),
(5291, 1, 676915, 174),
(5292, 15, 676915, 397),
(5293, 30, 676915, 415),
(5294, 43, 676915, 417),
(5295, 30, 676915, 396),
(5296, 30, 676915, 413),
(5297, 11, 676915, 305),
(5298, 11, 676915, 303),
(5299, 21, 477094, 8),
(5300, 21, 477094, 0),
(5301, 21, 477094, 38),
(5302, 21, 477094, 126),
(5303, 9, 477094, 18),
(5304, 9, 477094, 6),
(5305, 9, 477094, 54),
(5306, 9, 477094, 340),
(5307, 9, 477094, 311),
(5308, 19, 169505, 19),
(5309, 20, 477094, 128),
(5310, 27, 169505, 22),
(5311, 6, 957233, 414),
(5312, 12, 169505, 204),
(5313, 34, 916886, 13),
(5314, 34, 916886, 232),
(5315, 11, 916886, 299),
(5316, 5, 916886, 76),
(5317, 5, 662915, 96),
(5318, 24, 662915, 258),
(5319, 24, 662915, 286),
(5320, 18, 701488, 174),
(5321, 18, 701488, 175),
(5322, 15, 118183, 380),
(5323, 38, 118183, 168),
(5324, 7, 118183, 63),
(5325, 37, 118183, 116),
(5326, 6, 118183, 318),
(5327, 6, 118183, 396),
(5328, 35, 118183, 0),
(5329, 27, 118183, 281),
(5330, 42, 701010, 344),
(5331, 9, 701010, 294),
(5332, 19, 701010, 32),
(5333, 13, 701010, 0),
(5334, 15, 701010, 1),
(5335, 28, 701010, 399),
(5336, 25, 701010, 296),
(5337, 4, 133698, 145),
(5338, 4, 133698, 195),
(5339, 30, 133698, 410),
(5340, 1, 756609, 12),
(5341, 1, 756609, 276),
(5342, 1, 458690, 0),
(5343, 19, 951816, 219),
(5344, 41, 770776, 138),
(5345, 42, 898555, 99),
(5346, 39, 898555, 0),
(5347, 20, 940509, 54),
(5348, 36, 940509, 239),
(5349, 17, 940509, 38),
(5350, 25, 940509, 38),
(5351, 11, 940509, 305),
(5352, 2, 940509, 4),
(5353, 11, 940509, 132),
(5354, 13, 940509, 30),
(5355, 45, 940509, 450),
(5356, 10, 940509, 12),
(5357, 17, 940509, 260),
(5358, 38, 940509, 174),
(5359, 14, 940509, 386),
(5360, 36, 940509, 503),
(5361, 30, 940509, 411),
(5362, 44, 940509, 613),
(5363, 29, 940509, 338),
(5364, 35, 940509, 239),
(5365, 45, 940509, 455),
(5366, 41, 940509, 222),
(5367, 18, 940509, 2),
(5368, 16, 771851, 0),
(5369, 16, 771851, 139),
(5370, 9, 767300, 12),
(5371, 24, 767300, 6),
(5372, 30, 825230, 256),
(5373, 30, 825230, 401),
(5374, 26, 623596, 76),
(5375, 34, 623596, 238),
(5376, 34, 623596, 228),
(5377, 43, 623596, 0),
(5378, 14, 623596, 363),
(5379, 14, 623596, 358),
(5380, 28, 623596, 397),
(5381, 3, 372458, 0),
(5382, 3, 372458, 182),
(5383, 21, 372458, 0),
(5384, 1, 372458, 138),
(5385, 1, 372458, 307),
(5386, 15, 372458, 389),
(5387, 15, 372458, 370),
(5388, 36, 372458, 494),
(5389, 6, 372458, 258),
(5390, 13, 372458, 342),
(5391, 18, 372458, 42),
(5392, 11, 372458, 295),
(5393, 41, 487413, 198),
(5394, 39, 451512, 473),
(5395, 35, 451512, 28),
(5396, 32, 451512, 344),
(5397, 42, 451512, 344),
(5398, 10, 451512, 0),
(5399, 29, 451512, 11),
(5400, 29, 451512, 327),
(5401, 16, 153891, 0),
(5402, 14, 153891, 1),
(5403, 9, 153891, 132),
(5404, 37, 153891, 0),
(5405, 41, 153891, 298),
(5406, 4, 153891, 114),
(5407, 2, 153891, 0),
(5408, 9, 153891, 0),
(5409, 21, 153891, 0),
(5410, 45, 153891, 0),
(5411, 42, 557127, 140),
(5412, 42, 587781, 309),
(5413, 42, 587781, 346),
(5414, 44, 587781, 22),
(5415, 44, 587781, 10),
(5416, 29, 892907, 93),
(5417, 29, 892907, 174),
(5418, 29, 892907, 346),
(5419, 23, 523116, 78),
(5420, 23, 523116, 6),
(5421, 14, 929934, 275),
(5422, 36, 929934, 40),
(5423, 12, 929934, 132),
(5424, 15, 929934, 0),
(5425, 37, 848896, 0),
(5426, 21, 764624, 10),
(5427, 9, 124918, 30),
(5428, 46, 757154, 132),
(5429, 34, 942940, 151),
(5430, 1, 450703, 48),
(5431, 38, 597910, 150),
(5432, 12, 228174, 150),
(5433, 12, 228174, 6),
(5434, 12, 228174, 0),
(5435, 10, 454718, 48),
(5436, 24, 440756, 18),
(5437, 8, 201206, 28),
(5438, 8, 440756, 2),
(5439, 16, 440756, 27),
(5440, 16, 440756, 151),
(5441, 16, 440756, 0),
(5442, 16, 440756, 202),
(5443, 42, 999106, 239),
(5444, 42, 999106, 353),
(5445, 44, 999106, 422),
(5446, 6, 999106, 192),
(5447, 12, 999106, 299),
(5448, 23, 915910, 120),
(5449, 19, 749425, 144),
(5450, 34, 749425, 203),
(5451, 13, 749425, 30),
(5452, 22, 749425, 36),
(5453, 29, 433052, 5),
(5454, 29, 433052, 323),
(5455, 20, 433052, 16),
(5456, 7, 433052, 0),
(5457, 1, 820798, 138),
(5458, 39, 847409, 50),
(5459, 11, 530812, 307),
(5460, 33, 530812, 0),
(5461, 3, 123663, 8),
(5462, 45, 992792, 448),
(5463, 13, 541233, 12),
(5464, 13, 541233, 0),
(5465, 15, 523914, 69),
(5466, 9, 214167, 354),
(5467, 29, 949023, 280),
(5468, 29, 793422, 17),
(5469, 29, 793422, 221),
(5470, 16, 793422, 57),
(5471, 16, 793422, 0),
(5472, 16, 793422, 183),
(5473, 16, 793422, 221),
(5474, 16, 793422, 215),
(5475, 16, 793422, 0),
(5476, 16, 793422, 310),
(5477, 16, 793422, 309),
(5478, 16, 793422, 275),
(5479, 16, 793422, 286),
(5480, 14, 456476, 17),
(5481, 23, 456476, 66),
(5482, 25, 383549, 82),
(5483, 3, 332414, 88),
(5484, 27, 332414, 114),
(5485, 28, 654255, 93),
(5486, 37, 654255, 63),
(5487, 27, 654255, 56),
(5488, 33, 654255, 81),
(5489, 37, 654255, 98),
(5490, 35, 654255, 163),
(5491, 41, 654255, 72),
(5492, 8, 654255, 114),
(5493, 38, 654255, 60),
(5494, 6, 654255, 138),
(5495, 29, 654255, 116),
(5496, 11, 875470, 96),
(5497, 41, 767931, 6),
(5498, 37, 767931, 0),
(5499, 46, 427753, 300),
(5500, 4, 427753, 415),
(5501, 4, 427753, 410),
(5502, 3, 427753, 322),
(5503, 3, 427753, 314),
(5504, 31, 427753, 214),
(5505, 30, 822414, 412),
(5506, 30, 822414, 406),
(5507, 43, 822414, 244),
(5508, 26, 822414, 20),
(5509, 42, 822414, 345),
(5510, 36, 822414, 490),
(5511, 15, 822414, 270),
(5512, 4, 822414, 417),
(5513, 2, 822414, 136),
(5514, 23, 822414, 168),
(5515, 36, 822414, 510),
(5516, 13, 822414, 222),
(5517, 34, 822414, 230),
(5518, 34, 822414, 233),
(5519, 46, 711726, 6),
(5520, 1, 711726, 192),
(5521, 20, 124783, 0),
(5522, 46, 965727, 48),
(5523, 43, 733848, 210),
(5524, 43, 733848, 0),
(5525, 20, 215596, 10),
(5526, 28, 339248, 391),
(5527, 28, 339248, 380),
(5528, 28, 339248, 366),
(5529, 28, 339248, 367),
(5530, 28, 604879, 29),
(5531, 28, 604879, 387),
(5532, 46, 429070, 138),
(5533, 15, 544303, 144),
(5534, 33, 380444, 175),
(5535, 28, 925838, 315),
(5536, 20, 925838, 0),
(5537, 22, 671203, 100),
(5538, 25, 887503, 63),
(5539, 25, 501645, 0),
(5540, 38, 446679, 210),
(5541, 6, 811509, 210),
(5542, 12, 679024, 276),
(5543, 31, 679024, 211),
(5544, 33, 679024, 434),
(5545, 15, 549508, 144),
(5546, 40, 552923, 21),
(5547, 17, 428595, 225),
(5548, 15, 886802, 391),
(5549, 44, 886802, 198),
(5550, 29, 971820, 358),
(5551, 25, 503619, 51),
(5552, 32, 865535, 58),
(5553, 14, 540921, 300),
(5554, 5, 548697, 134),
(5555, 26, 523417, 138),
(5556, 15, 433752, 70),
(5557, 3, 433752, 96),
(5558, 38, 433752, 198),
(5559, 36, 433752, 28),
(5560, 15, 433752, 114),
(5561, 4, 433752, 70),
(5562, 1, 433752, 102),
(5563, 14, 433752, 313),
(5564, 28, 433752, 17),
(5565, 16, 433752, 0),
(5566, 23, 433752, 6),
(5567, 42, 433752, 169),
(5568, 46, 433752, 0),
(5569, 12, 433752, 0),
(5570, 34, 433752, 1),
(5571, 37, 433752, 0),
(5572, 22, 433752, 28),
(5573, 13, 433752, 246),
(5574, 15, 433752, 220),
(5575, 1, 433752, 60),
(5576, 27, 433752, 0),
(5577, 5, 433752, 70),
(5578, 6, 433752, 72),
(5579, 20, 731106, 56),
(5580, 10, 731106, 342),
(5581, 44, 213676, 594),
(5582, 17, 213676, 207),
(5583, 10, 213676, 487),
(5584, 44, 213676, 619),
(5585, 22, 213676, 62),
(5586, 1, 996317, 168),
(5587, 1, 996317, 18),
(5588, 1, 996317, 0),
(5589, 1, 996317, 144),
(5590, 1, 913692, 72),
(5591, 1, 913692, 0),
(5592, 45, 413041, 126),
(5593, 45, 413041, 48),
(5594, 16, 291401, 188),
(5595, 16, 291401, 387),
(5596, 2, 291401, 4),
(5597, 35, 705001, 63),
(5598, 35, 705001, 226),
(5599, 35, 705001, 239),
(5600, 35, 705001, 269),
(5601, 35, 705001, 251),
(5602, 23, 912604, 18),
(5603, 36, 912604, 58),
(5604, 14, 912604, 250),
(5605, 23, 912604, 24),
(5606, 38, 912604, 72),
(5607, 17, 912604, 194),
(5608, 42, 912604, 198),
(5609, 26, 912604, 0),
(5610, 32, 912604, 52),
(5611, 10, 829434, 150),
(5612, 39, 829434, 0),
(5613, 31, 829434, 34),
(5614, 25, 186270, 13),
(5615, 25, 186270, 26),
(5616, 37, 186270, 169),
(5617, 29, 186270, 297),
(5618, 9, 186270, 18),
(5619, 5, 186270, 0),
(5620, 30, 186270, 413),
(5621, 30, 186270, 405),
(5622, 22, 186270, 68),
(5623, 22, 186270, 42),
(5624, 22, 186270, 150),
(5625, 22, 186270, 172),
(5626, 33, 186270, 314),
(5627, 33, 186270, 0),
(5628, 33, 186270, 247),
(5629, 1, 186270, 36),
(5630, 14, 291804, 194),
(5631, 14, 291804, 95),
(5632, 3, 291804, 122),
(5633, 3, 291804, 116),
(5634, 45, 291804, 48),
(5635, 45, 291804, 42),
(5636, 14, 291804, 386),
(5637, 41, 562478, 84),
(5638, 41, 562478, 6),
(5639, 41, 562478, 102),
(5640, 41, 562478, 270),
(5641, 45, 402095, 258),
(5642, 5, 475781, 38),
(5643, 28, 475781, 379),
(5644, 28, 475781, 379),
(5645, 28, 475781, 379),
(5646, 28, 475781, 379),
(5647, 28, 475781, 379),
(5648, 28, 475781, 379),
(5649, 28, 475781, 379),
(5650, 28, 475781, 379),
(5651, 28, 475781, 379),
(5652, 5, 475781, 176),
(5653, 5, 475781, 176),
(5654, 5, 475781, 176),
(5655, 5, 475781, 176),
(5656, 5, 475781, 176),
(5657, 31, 475781, 176),
(5658, 14, 475781, 375),
(5659, 14, 475781, 375),
(5660, 14, 475781, 375),
(5661, 14, 475781, 375),
(5662, 14, 475781, 375),
(5663, 14, 475781, 375),
(5664, 14, 475781, 375),
(5665, 14, 475781, 375),
(5666, 45, 475781, 432),
(5667, 45, 475781, 432),
(5668, 45, 475781, 432),
(5669, 45, 475781, 432),
(5670, 45, 475781, 432),
(5671, 45, 475781, 432),
(5672, 45, 475781, 432),
(5673, 13, 475781, 432),
(5674, 14, 475781, 375),
(5675, 14, 475781, 375),
(5676, 14, 475781, 375),
(5677, 14, 475781, 375),
(5678, 14, 475781, 375),
(5679, 14, 475781, 375),
(5680, 14, 475781, 375),
(5681, 36, 626811, 75),
(5682, 36, 626811, 490),
(5683, 27, 626811, 56),
(5684, 27, 626811, 256),
(5685, 22, 626811, 114),
(5686, 18, 626811, 142),
(5687, 28, 626811, 344),
(5688, 14, 475781, 375),
(5689, 14, 475781, 375),
(5690, 31, 120621, 203),
(5691, 31, 120621, 201),
(5692, 23, 120621, 12),
(5693, 36, 802846, 63),
(5694, 17, 475177, 82),
(5695, 45, 802846, 6),
(5696, 8, 475177, 114),
(5697, 23, 802846, 126),
(5698, 8, 475177, 156),
(5699, 23, 802846, 30),
(5700, 27, 802846, 270),
(5701, 25, 475177, 2),
(5702, 7, 802846, 0),
(5703, 9, 475177, 252),
(5704, 41, 802846, 303),
(5705, 20, 475177, 10),
(5706, 20, 475177, 56),
(5707, 20, 475177, 0),
(5708, 39, 475177, 0),
(5709, 23, 965928, 24),
(5710, 42, 965928, 169),
(5711, 11, 965928, 0),
(5712, 11, 965928, 24),
(5713, 35, 965928, 198),
(5714, 45, 965928, 294),
(5715, 21, 965928, 0),
(5716, 18, 965928, 194),
(5717, 19, 305850, 269),
(5718, 19, 305850, 45),
(5719, 19, 305850, 0),
(5720, 19, 305850, 329),
(5721, 19, 305850, 321),
(5722, 19, 305850, 331),
(5723, 26, 305850, 352),
(5724, 10, 305850, 138),
(5725, 30, 305850, 414),
(5726, 6, 305850, 0),
(5727, 19, 305850, 381),
(5728, 30, 305850, 418),
(5729, 15, 305850, 393),
(5730, 11, 305850, 90),
(5731, 40, 305850, 348),
(5732, 23, 305850, 308),
(5733, 1, 305850, 198),
(5734, 20, 305850, 4),
(5735, 25, 305850, 201),
(5736, 40, 305850, 342),
(5737, 8, 116983, 194),
(5738, 32, 990946, 393),
(5739, 9, 990946, 168),
(5740, 32, 332051, 391),
(5741, 28, 765970, 400),
(5742, 25, 583910, 7),
(5743, 11, 857320, 301),
(5744, 25, 583910, 305),
(5745, 7, 857320, 52),
(5746, 34, 907184, 224),
(5747, 33, 857320, 273),
(5748, 38, 662456, 12),
(5749, 45, 857320, 342),
(5750, 2, 857320, 0),
(5751, 21, 522919, 0),
(5752, 19, 857320, 57),
(5753, 32, 857320, 34),
(5754, 33, 857320, 21),
(5755, 46, 857320, 60),
(5756, 9, 857320, 54),
(5757, 36, 857320, 10),
(5758, 36, 857320, 0),
(5759, 24, 857320, 306),
(5760, 7, 857320, 0),
(5761, 37, 857320, 524),
(5762, 23, 857320, 198),
(5763, 3, 857320, 164),
(5764, 12, 249259, 102),
(5765, 35, 370979, 23),
(5766, 38, 537016, 0),
(5767, 38, 537016, 54),
(5768, 19, 537016, 32),
(5769, 19, 537016, 82),
(5770, 19, 537016, 0),
(5771, 19, 537016, 202),
(5772, 19, 537016, 0),
(5773, 10, 537016, 0),
(5774, 42, 537016, 75),
(5775, 38, 537016, 156),
(5776, 4, 823015, 13),
(5777, 8, 104342, 28),
(5778, 12, 104342, 0),
(5779, 9, 827856, 324),
(5780, 12, 104342, 302),
(5781, 9, 827856, 343),
(5782, 9, 827856, 334),
(5783, 4, 760909, 0),
(5784, 22, 760909, 30),
(5785, 19, 760909, 132),
(5786, 16, 760909, 171),
(5787, 25, 760909, 120),
(5788, 45, 760909, 324),
(5789, 12, 760909, 294),
(5790, 5, 760909, 90),
(5791, 45, 760909, 150),
(5792, 18, 537786, 140),
(5793, 18, 537786, 142),
(5794, 18, 537786, 18),
(5795, 18, 537786, 146),
(5796, 22, 599989, 94),
(5797, 25, 599989, 0),
(5798, 28, 858535, 395),
(5799, 44, 858535, 548),
(5800, 38, 858535, 6),
(5801, 44, 561523, 50),
(5802, 44, 561523, 524),
(5803, 7, 103306, 83),
(5804, 16, 568637, 245),
(5805, 9, 755456, 30),
(5806, 19, 823570, 201),
(5807, 19, 823570, 70),
(5808, 19, 823570, 344),
(5809, 19, 823570, 357),
(5810, 3, 823570, 196),
(5811, 27, 419944, 259),
(5812, 15, 653980, 45),
(5813, 15, 653980, 208),
(5814, 17, 806537, 107),
(5815, 17, 806537, 20),
(5816, 46, 409526, 438),
(5817, 5, 790867, 20),
(5818, 19, 318650, 88),
(5819, 19, 318650, 350),
(5820, 27, 318650, 275),
(5821, 5, 802403, 22),
(5822, 44, 802403, 4),
(5823, 8, 802403, 94),
(5824, 34, 802403, 164),
(5825, 20, 802403, 0),
(5826, 5, 957813, 122),
(5827, 5, 957813, 204),
(5828, 45, 957813, 318),
(5829, 31, 957813, 215),
(5830, 45, 957813, 366),
(5831, 44, 957813, 96),
(5832, 39, 957813, 196),
(5833, 21, 957813, 16),
(5834, 28, 957813, 384),
(5835, 27, 957813, 290),
(5836, 33, 957813, 28),
(5837, 32, 634943, 35),
(5838, 20, 634943, 0),
(5839, 12, 886449, 281),
(5840, 20, 634943, 0),
(5841, 12, 886449, 307),
(5842, 41, 634943, 60),
(5843, 11, 886449, 6),
(5844, 17, 886449, 14),
(5845, 13, 634943, 0),
(5846, 7, 634943, 102),
(5847, 1, 634943, 0),
(5848, 30, 634943, 414),
(5849, 18, 634943, 191),
(5850, 1, 861091, 6),
(5851, 1, 861091, 174),
(5852, 27, 293100, 22),
(5853, 22, 241199, 108),
(5854, 1, 104629, 108),
(5855, 19, 605716, 138),
(5856, 41, 605716, 144),
(5857, 41, 605716, 291),
(5858, 16, 618498, 169),
(5859, 10, 824047, 138),
(5860, 31, 124268, 14),
(5861, 31, 124268, 182),
(5862, 3, 324643, 0),
(5863, 31, 124268, 192),
(5864, 17, 848319, 244),
(5865, 10, 124268, 462),
(5866, 29, 124268, 233),
(5867, 32, 858436, 11),
(5868, 28, 126062, 17),
(5869, 28, 126062, 116),
(5870, 28, 126062, 215);

-- --------------------------------------------------------

--
-- Tablo için tablo yapısı `tbl_section`
--

CREATE TABLE IF NOT EXISTS `tbl_section` (
  `id` int(11) NOT NULL AUTO_INCREMENT,
  `section_no` int(11) NOT NULL,
  `difficulty_level` tinyint(4) NOT NULL DEFAULT '1',
  `needed_time` smallint(6) NOT NULL,
  `score_constant` double NOT NULL,
  `base_score` mediumint(9) NOT NULL,
  `description` varchar(256) CHARACTER SET latin5 DEFAULT NULL,
  `question_count` tinyint(4) NOT NULL,
  `pass_count` tinyint(4) NOT NULL DEFAULT '1',
  PRIMARY KEY (`id`)
) ENGINE=MyISAM  DEFAULT CHARSET=utf8 AUTO_INCREMENT=52 ;

--
-- Tablo döküm verisi `tbl_section`
--

INSERT INTO `tbl_section` (`id`, `section_no`, `difficulty_level`, `needed_time`, `score_constant`, `base_score`, `description`, `question_count`, `pass_count`) VALUES
(1, 4, 1, 40, 25, 0, 'Asağıdaki ülkeleri bulundukları kıtalarına göre gruplayınız.', 16, 2),
(2, 1, 1, 35, 30, 0, 'Asağıdaki ülkeleri bulundukları kıtalarına göre gruplayınız.', 10, 1),
(3, 2, 1, 40, 20, 0, 'Aşağıdaki ülkeler hangi yarım kürede bulunur?', 16, 2),
(4, 3, 1, 40, 20, 0, 'Aşağıda verilen ilçe isimlerinin hangi ile ait olduğunu seçiniz.', 15, 2),
(5, 5, 1, 30, 20, 0, 'Aşağıda verilen ilçe isimlerinin hangi ile ait olduğunu seçiniz.', 10, 2),
(6, 6, 1, 30, 30, 0, 'Aşağıda verilen yiyecekler meyve mi yoksa sebze midir?', 16, 2),
(7, 9, 1, 30, 30, 0, 'Aşağıda verilen çalgı türlerini gruplayınız.', 12, 2),
(8, 8, 1, 30, 20, 0, 'Aşağıdaki şehirlerin plaka kodlarını tek/çift olarak ayırınız.', 10, 1),
(29, 24, 1, 20, 30, 0, 'Aşağıdaki takımları bulunduğu liglere göre gruplayınız?', 10, 1),
(28, 23, 1, 20, 30, 0, 'Aşağıdaki takımları bulunduğu liglere göre gruplayınız?', 10, 2),
(11, 7, 1, 30, 25, 0, 'Aşağıdaki şehirlerin plaka kodlarını tek/çift olarak ayırınız.', 10, 1),
(14, 10, 1, 60, 30, 0, 'Aşağıdaki hayvanları üreme şekillerine göre gruplayınız', 15, 1),
(15, 11, 1, 35, 30, 0, 'Asağıdaki ülkeleri bulundukları kıtalarına göre gruplayınız.', 10, 3),
(27, 22, 1, 25, 20, 0, 'Aşağıda verilen çalgı türlerini gruplayınız.', 10, 1),
(17, 12, 1, 40, 30, 0, 'Asağıdaki ülkeleri bulundukları kıtalarına göre gruplayınız.', 10, 1),
(18, 13, 1, 40, 30, 0, 'Aşağıdaki ülkeler hangi yarım kürede bulunur?', 16, 2),
(19, 14, 1, 35, 25, 0, 'Aşağıda verilen ilçe isimlerinin hangi ile ait olduğunu seçiniz.', 15, 2),
(20, 15, 1, 40, 25, 0, 'Asağıdaki ülkeleri bulundukları kıtalarına göre gruplayınız.', 15, 1),
(21, 16, 1, 40, 25, 0, 'Asağıdaki ülkeleri bulundukları kıtalarına göre gruplayınız.', 15, 1),
(22, 17, 1, 30, 25, 0, 'Aşağıda verilen ilçe isimlerinin hangi ile ait olduğunu seçiniz.', 10, 1),
(23, 18, 1, 30, 20, 0, 'Aşağıda verilen ilçe isimlerinin hangi ile ait olduğunu seçiniz.', 10, 1),
(24, 19, 1, 30, 25, 0, 'Aşağıda verilen yiyecekler meyve mi yoksa sebze midir?', 15, 2),
(25, 20, 1, 30, 20, 0, 'Aşağıdaki şehirlerin plaka kodlarını tek/çift olarak ayırınız.', 10, 1),
(26, 21, 1, 30, 20, 0, 'Aşağıdaki şehirlerin plaka kodlarını tek/çift olarak ayırınız.', 10, 1),
(30, 25, 1, 35, 25, 0, 'Aşağıda verilen araç modelleri hangi markaya aittir?', 12, 2),
(31, 26, 1, 40, 25, 0, 'Aşağıda verilen araç modelleri hangi markaya aittir?', 14, 2),
(32, 27, 1, 30, 40, 0, 'Aşağıda verilen araç modelleri hangi markaya aittir?', 7, 1),
(33, 28, 1, 30, 35, 0, 'Aşağıda verilen spor terimleri hangi branşa aittir?', 11, 2),
(34, 29, 1, 30, 35, 0, 'Aşağıda verilen spor terimleri hangi branşa aittir?', 10, 1),
(35, 30, 1, 30, 40, 0, 'Aşağıdaki aksesuar/kıyafetleri genellikle hangi cinsiyet kullanır?', 10, 1),
(36, 31, 1, 30, 20, 0, 'Aşağıda verilen içecekler nasıl tüketilir?', 10, 1),
(37, 32, 1, 33, 35, 0, 'Aşağıda verilen birimleri kullanım alanlarına göre ayırınız', 11, 2),
(38, 33, 1, 35, 35, 0, 'Aşağıda verilen birimleri kullanım alanlarına göre ayırınız', 12, 2),
(39, 34, 1, 30, 25, 0, 'Aşağıda verilen kelimelerin kökeni hangi dildir?', 9, 1),
(40, 35, 1, 35, 35, 0, 'Aşağıda verilen kelimelerin kökeni hangi dildir?', 8, 1),
(41, 36, 1, 40, 35, 0, 'Aşağıda verilen hayvanları beslenme şekline göre ayırınız ', 14, 1),
(42, 37, 1, 40, 35, 0, 'Aşağıda ismi verilen sporcular hangi sporu yapmaktadır?', 15, 2),
(43, 38, 1, 30, 30, 0, 'Aşağıdaki ülkelerin hangi denize kıyısı vardır?', 10, 1),
(44, 39, 1, 60, 50, 0, 'Aşağıdaki verilen kitaplar hangi yazara aittir', 10, 3),
(45, 40, 1, 40, 45, 0, 'Aşağıdaki klasik eserler hangi sanatçıya aittir?', 8, 2),
(46, 41, 1, 30, 30, 0, 'Aşağıda verilen oyuncular hangi dizide oynamıştır?', 10, 1),
(47, 42, 1, 30, 35, 0, 'Aşağıda verilen oyuncular hangi dizide oynamıştır?', 10, 1),
(48, 43, 1, 35, 35, 0, 'Aşağıda verilen oyunlar hangi kategoriye aittir', 12, 2),
(49, 44, 1, 40, 40, 0, 'Aşağıda verilen filmler hangi kategoriye aittir?', 15, 2),
(50, 45, 1, 40, 30, 0, 'Aşağıda verilen filmler hangi kategoriye aittir?', 15, 2),
(51, 46, 1, 40, 30, 0, 'Aşağıda verilen filmler hangi kategoriye aittir?', 15, 2);

-- --------------------------------------------------------

--
-- Tablo için tablo yapısı `tbl_user`
--

CREATE TABLE IF NOT EXISTS `tbl_user` (
  `id` int(11) NOT NULL AUTO_INCREMENT,
  `nickname` varchar(25) CHARACTER SET latin5 NOT NULL,
  `score` mediumint(9) NOT NULL,
  `section_id` int(11) NOT NULL,
  PRIMARY KEY (`id`)
) ENGINE=MyISAM DEFAULT CHARSET=utf8 AUTO_INCREMENT=1 ;

/*!40101 SET CHARACTER_SET_CLIENT=@OLD_CHARACTER_SET_CLIENT */;
/*!40101 SET CHARACTER_SET_RESULTS=@OLD_CHARACTER_SET_RESULTS */;
/*!40101 SET COLLATION_CONNECTION=@OLD_COLLATION_CONNECTION */;
