-- phpMyAdmin SQL Dump
-- version 4.0.10deb1
-- http://www.phpmyadmin.net
--
-- Anamakine: localhost
-- Üretim Zamanı: 26 Ara 2015, 05:02:41
-- Sunucu sürümü: 5.5.46-0ubuntu0.14.04.2
-- PHP Sürümü: 5.5.9-1ubuntu4.13

SET SQL_MODE = "NO_AUTO_VALUE_ON_ZERO";
SET time_zone = "+00:00";


/*!40101 SET @OLD_CHARACTER_SET_CLIENT=@@CHARACTER_SET_CLIENT */;
/*!40101 SET @OLD_CHARACTER_SET_RESULTS=@@CHARACTER_SET_RESULTS */;
/*!40101 SET @OLD_COLLATION_CONNECTION=@@COLLATION_CONNECTION */;
/*!40101 SET NAMES utf8 */;

--
-- Veritabanı: `db_word_game`
--

-- --------------------------------------------------------

--
-- Tablo için tablo yapısı `tbl_answer`
--

CREATE TABLE IF NOT EXISTS `tbl_answer` (
  `id` int(11) NOT NULL AUTO_INCREMENT,
  `text` varchar(25) CHARACTER SET latin5 NOT NULL,
  `section_id` int(11) NOT NULL,
  PRIMARY KEY (`id`)
) ENGINE=MyISAM  DEFAULT CHARSET=utf8 AUTO_INCREMENT=31 ;

--
-- Tablo döküm verisi `tbl_answer`
--

INSERT INTO `tbl_answer` (`id`, `text`, `section_id`) VALUES
(7, 'Amerika', 1),
(8, 'Avrupa', 1),
(9, 'Asya', 2),
(10, 'Afrika', 2),
(11, 'Kuzey', 3),
(12, 'Güney', 3),
(13, 'İstanbul', 4),
(14, 'İzmir', 4),
(15, 'Ankara', 5),
(16, 'Bursa', 5),
(17, 'Sebze', 6),
(18, 'Meyve', 6),
(19, 'Üflemeli', 7),
(20, 'Vurmalı', 7),
(21, 'Tek', 8),
(22, 'Çift', 8),
(23, 'Tek', 9),
(24, 'Çift', 9),
(25, 'Tek', 10),
(26, 'Çift', 10),
(27, 'Tek', 11),
(28, 'Çift', 11),
(29, 'Doğum', 14),
(30, 'Yumurta', 14);

-- --------------------------------------------------------

--
-- Tablo için tablo yapısı `tbl_question`
--

CREATE TABLE IF NOT EXISTS `tbl_question` (
  `id` int(11) NOT NULL AUTO_INCREMENT,
  `text` varchar(256) CHARACTER SET latin5 NOT NULL,
  `section_id` int(11) NOT NULL,
  `answer_id` int(11) NOT NULL,
  PRIMARY KEY (`id`)
) ENGINE=MyISAM  DEFAULT CHARSET=utf8 AUTO_INCREMENT=417 ;

--
-- Tablo döküm verisi `tbl_question`
--

INSERT INTO `tbl_question` (`id`, `text`, `section_id`, `answer_id`) VALUES
(10, 'Uruguay', 1, 7),
(11, 'Paraguay', 1, 7),
(12, 'Arjantin', 1, 7),
(13, 'Brezilya', 1, 7),
(14, 'ABD', 1, 7),
(15, 'Kanada', 1, 7),
(16, 'Meksika', 1, 7),
(17, 'Almanya', 1, 8),
(18, 'Fransa', 1, 8),
(19, 'Estonya', 1, 8),
(20, 'Letonya', 1, 8),
(21, 'Bulgaristan', 1, 8),
(117, 'Angola', 3, 12),
(23, 'Sırbistan', 1, 8),
(24, 'Norveç', 1, 8),
(25, 'Karadağ', 1, 8),
(26, 'Polonya', 1, 8),
(27, 'Bahamalar', 1, 7),
(28, 'Barbados', 1, 7),
(29, 'Dominika', 1, 7),
(30, 'El Salvador', 1, 7),
(31, 'Honduras', 1, 7),
(32, 'Jamaika', 1, 7),
(33, 'Nikaragua', 1, 7),
(34, 'Panama', 1, 7),
(35, 'Guyana', 1, 7),
(36, 'Kolombiya', 1, 7),
(37, 'Şili', 1, 7),
(38, 'Bolivya', 1, 7),
(39, 'Belçika', 1, 8),
(40, 'İrlanda', 1, 8),
(41, 'Lihtenştayn', 1, 8),
(42, 'Lüksemburg', 1, 8),
(43, 'Monako', 1, 8),
(44, 'Moldova', 1, 8),
(45, 'Slovakya', 1, 8),
(46, 'Finlandiya', 1, 8),
(47, 'İzlanda', 1, 8),
(48, 'Litvanya', 1, 8),
(49, 'Andorra', 1, 8),
(50, 'Arnavutluk', 1, 8),
(51, 'Bosna-Hersek', 1, 8),
(52, 'Makedonya', 1, 8),
(53, 'San Marino', 1, 8),
(54, 'Slovenya', 1, 8),
(55, 'Vatikan', 1, 8),
(56, 'Malta', 1, 8),
(57, 'Afganistan', 2, 9),
(58, 'Azerbaycan', 2, 9),
(59, 'Bahreyn', 2, 9),
(60, 'Bhutan', 2, 9),
(61, 'Çin Halk Cumhuriyeti', 2, 9),
(62, 'Endonezya', 2, 9),
(63, 'Filipinler', 2, 9),
(64, 'Kore Cumhuriyeti', 2, 9),
(65, 'Hindistan Cumhuriyeti', 2, 9),
(66, 'İsrail', 2, 9),
(67, 'Kamboçya', 2, 9),
(68, 'Katar Devleti', 2, 9),
(69, 'Kazakistan Cumhuriyeti', 2, 9),
(70, 'Kuveyt Devleti', 2, 9),
(71, 'Laos Demokratik Halk Cumhuriyeti', 2, 9),
(72, 'Lübnan Cumhuriyeti', 2, 9),
(73, 'Maldivler Cumhuriyeti', 2, 9),
(74, 'Myanmar Birliği', 2, 9),
(75, 'Nepal Federal Demokratik Cumhuriyeti', 2, 9),
(76, 'Singapur Cumhuriyeti', 2, 9),
(77, 'Sri Lanka Demokratik Sosyalist Cumhuriyeti', 2, 9),
(78, 'Tayland Krallığı', 2, 9),
(79, 'Umman Sultanlığı', 2, 9),
(80, 'Ürdün Haşimi Krallığı', 2, 9),
(81, 'Yemen Cumhuriyeti', 2, 9),
(82, 'Angola Cumhuriyeti', 2, 10),
(83, 'Benin Cumhuriyeti', 2, 10),
(84, 'Botsvana Cumhuriyeti', 2, 10),
(85, 'Cezayir Demokratik Halk Cumhuriyeti', 2, 10),
(86, 'Cibuti Cumhuriyeti', 2, 10),
(87, 'Çad Cumhuriyeti', 2, 10),
(88, 'Demokratik Kongo Cumhuriyeti', 2, 10),
(89, 'Eritre Devleti', 2, 10),
(90, 'Etiyopya Federal Demokratik Cumhuriyeti', 2, 10),
(91, 'Fas Krallığı', 2, 10),
(92, 'Fildişi Sahili Cumhuriyeti', 2, 10),
(93, 'Gabon Cumhuriyeti', 2, 10),
(94, 'Gambiya Cumhuriyeti', 2, 10),
(95, 'Gine Cumhuriyeti', 2, 10),
(96, 'Kamerun Cumhuriyeti', 2, 10),
(97, 'Kenya Cumhuriyeti', 2, 10),
(98, 'Komorlar Birliği', 2, 10),
(99, 'Liberya Cumhuriyeti', 2, 10),
(100, 'Büyük Libya Sosyalist Arap Halk Cumhuriyeti', 2, 10),
(101, 'Madagaskar Cumhuriyeti', 2, 10),
(102, 'Mısır Arap Cumhuriyeti', 2, 10),
(103, 'Mozambik Cumhuriyeti', 2, 10),
(104, 'Nijer Cumhuriyeti', 2, 10),
(105, 'Ruanda Cumhuriyeti', 2, 10),
(106, 'São Tomé ve Príncipe Demokratik Cumhuriyeti', 2, 10),
(107, 'Seyşeller Cumhuriyeti', 2, 10),
(108, 'Somali Cumhuriyeti', 2, 10),
(109, 'Sudan Cumhuriyeti', 2, 10),
(110, 'Tanzanya Birleşik Cumhuriyeti', 2, 10),
(111, 'Tunus Cumhuriyeti', 2, 10),
(112, 'Uganda Cumhuriyeti', 2, 10),
(113, 'Yeşil Burun Adaları Cumhuriyeti', 2, 10),
(114, 'Zambiya Cumhuriyeti', 2, 10),
(115, 'Zimbabve Cumhuriyeti', 2, 10),
(116, 'Ekvator Ginesi Cumhuriyeti', 2, 10),
(202, 'Torbalı', 4, 14),
(119, 'Burundi', 3, 12),
(120, 'Madagaskar', 3, 12),
(121, 'Mauritius', 3, 12),
(122, 'Mozambik', 3, 12),
(123, 'Ruanda', 3, 12),
(204, 'Tire', 4, 14),
(126, 'Tanzanya', 3, 12),
(127, 'Yeni Zelanda', 3, 12),
(128, 'Papua Yeni Gine', 3, 12),
(129, 'Paraguay', 3, 12),
(193, 'Karşıyaka', 4, 14),
(131, 'Letonya', 3, 11),
(132, 'Barbados', 3, 11),
(133, 'Kanada', 3, 11),
(134, 'Lihtenştayn', 3, 11),
(135, 'San Marino', 3, 11),
(136, 'Andorra', 3, 11),
(258, 'Goya (Bitter Melon)', 6, 18),
(194, 'Kınık', 4, 14),
(192, 'Karaburun', 4, 14),
(141, 'Kazakistan Cumhuriyeti', 3, 11),
(190, 'Foça', 4, 14),
(143, 'Litvanya', 3, 11),
(144, 'Bahreyn', 3, 11),
(145, 'Yemen Cumhuriyeti', 3, 11),
(146, 'Tayland Krallığı', 3, 11),
(147, 'Myanmar Birliği', 3, 11),
(148, 'Umman Sultanlığı', 3, 11),
(149, 'Lübnan Cumhuriyeti', 3, 11),
(203, 'Selçuk', 4, 14),
(196, 'Menderes', 4, 14),
(152, 'Botsvana', 3, 12),
(257, 'Rambutan', 6, 18),
(198, 'Menemen', 4, 14),
(199, 'Ödemiş', 4, 14),
(200, 'Seferihisar', 4, 14),
(201, 'Urla', 4, 14),
(195, 'Konak', 4, 14),
(162, 'Karadağ', 3, 11),
(189, 'Dikili', 4, 14),
(165, 'Kanada', 3, 11),
(188, 'Çeşme', 4, 14),
(186, 'Bornova', 4, 14),
(169, 'Fas Krallığı', 3, 11),
(170, 'Vatikan', 3, 11),
(171, 'Afganistan', 3, 11),
(172, 'Katar Devleti', 3, 11),
(191, 'Gaziemir', 4, 14),
(174, 'Kuveyt Devleti', 3, 11),
(187, 'Buca', 4, 14),
(182, 'Aliağa', 4, 14),
(183, 'Balçova', 4, 14),
(184, 'Bayraklı', 4, 14),
(185, 'Beydağ', 4, 14),
(205, 'Bergama', 4, 14),
(206, 'Arnavutköy', 4, 13),
(207, 'Avcılar', 4, 13),
(208, 'Bağcılar', 4, 13),
(209, 'Bakırköy', 4, 13),
(210, 'Başakşehir', 4, 13),
(211, 'Bayrampaşa', 4, 13),
(212, 'Beykoz', 4, 13),
(213, 'Beylikdüzü', 4, 13),
(214, 'Beyoğlu', 4, 13),
(215, 'Çatalca', 4, 13),
(216, 'Esenler', 4, 13),
(217, 'Esenyurt', 4, 13),
(218, 'Güngören', 4, 13),
(219, 'Kâğıthane', 4, 13),
(220, 'Maltepe', 4, 13),
(221, 'Sancaktepe', 4, 13),
(222, 'Sarıyer', 4, 13),
(223, 'Silivri', 4, 13),
(224, 'Sultanbeyli', 4, 13),
(225, 'Tuzla', 4, 13),
(226, 'Üsküdar', 4, 13),
(227, 'Altındağ', 5, 15),
(228, 'Beypazarı', 5, 15),
(229, 'Çamlıdere', 5, 15),
(230, 'Çankaya', 5, 15),
(231, 'Çubuk', 5, 15),
(232, 'Elmadağ', 5, 15),
(233, 'Etimesgut', 5, 15),
(234, 'Gölbaşı', 5, 15),
(235, 'Güdül', 5, 15),
(236, 'Haymana', 5, 15),
(237, 'Keçiören', 5, 15),
(238, 'Kızılcahamam', 5, 15),
(239, 'Mamak', 5, 15),
(240, 'Nallıhan', 5, 15),
(241, 'Polatlı', 5, 15),
(242, 'Sincan', 5, 15),
(243, 'Yenimahalle', 5, 15),
(244, 'Şereflikoçhisar', 5, 15),
(245, 'Osmangazi', 5, 15),
(246, 'Nilüfer', 5, 16),
(247, 'Büyükorhan', 5, 16),
(248, 'Harmancık', 5, 16),
(249, 'Yenişehir', 5, 16),
(250, 'Mudanya', 5, 16),
(251, 'İnegöl', 5, 16),
(252, 'Orhaneli', 5, 16),
(253, 'Orhangazi', 5, 16),
(254, 'Gürsu', 5, 16),
(255, 'Kestel', 5, 16),
(256, 'Gemlik', 5, 16),
(259, 'Mangostan', 6, 18),
(260, 'Pitaya', 6, 18),
(261, 'Yıldız Elması', 6, 18),
(262, 'Hint İnciri', 6, 18),
(263, 'Jabuticaba', 6, 18),
(264, 'Elma', 6, 18),
(265, 'Böğürtlen', 6, 18),
(266, 'Mandalina', 6, 18),
(267, 'Portakal', 6, 18),
(268, 'Armut', 6, 18),
(269, 'Kivi', 6, 18),
(270, 'Muz', 6, 18),
(271, 'Avokado', 6, 18),
(272, 'Kızılcık', 6, 18),
(273, 'Mango', 6, 18),
(274, 'Bezelye', 6, 17),
(275, 'Bamya', 6, 17),
(276, 'Brokoli', 6, 17),
(277, 'Brüksel lahanası', 6, 17),
(278, 'Enginar', 6, 17),
(279, 'Hindiba', 6, 17),
(280, 'Ispanak', 6, 17),
(281, 'Karnabahar', 6, 17),
(282, 'Maydanoz', 6, 17),
(283, 'Pırasa', 6, 17),
(284, 'Semizotu', 6, 17),
(285, 'Şalgam', 6, 17),
(286, 'Barbunya', 6, 17),
(287, 'Börülce', 6, 17),
(288, 'Bateri', 7, 20),
(289, 'Tuba', 7, 19),
(290, 'Zurna', 7, 19),
(291, 'Bendir', 7, 20),
(292, 'Bongo', 7, 20),
(293, 'Davul', 7, 20),
(294, 'Fagot', 7, 19),
(295, 'Flüt', 7, 19),
(296, 'Kaşık', 7, 20),
(297, 'Kaval', 7, 19),
(298, 'Klarnet', 7, 19),
(299, 'Marimba', 7, 20),
(300, 'Mızıka', 7, 19),
(301, 'Nakkare', 7, 20),
(302, 'Ney', 7, 19),
(303, 'Saksafon', 7, 19),
(304, 'Sipsi', 7, 19),
(305, 'Timpani', 7, 20),
(306, 'Trombon', 7, 19),
(307, 'Trompet', 7, 19),
(308, 'Darbuka', 7, 20),
(309, 'Tulum', 7, 19),
(310, 'Adana', 8, 21),
(311, 'Ankara', 8, 22),
(312, 'Antalya', 8, 21),
(313, 'Aydın', 8, 21),
(314, 'Balıkesir', 8, 22),
(315, 'Bursa', 8, 22),
(316, 'Çanakkale', 8, 21),
(317, 'Denizli', 8, 22),
(318, 'Edirne', 8, 22),
(319, 'Eskişehir', 8, 22),
(320, 'İstanbul', 8, 22),
(321, 'İzmir', 8, 21),
(322, 'Kocaeli', 8, 21),
(323, 'Konya', 8, 22),
(324, 'Manisa', 8, 21),
(325, 'Muğla', 8, 22),
(326, 'Samsun', 8, 21),
(327, 'Sivas', 8, 22),
(328, 'Trabzon', 8, 21),
(329, 'Uşak', 8, 22),
(330, 'Adana', 9, 23),
(331, 'Adıyaman', 9, 24),
(332, 'Antalya', 9, 23),
(333, 'Balıkesir', 9, 24),
(334, 'Bilecik', 9, 23),
(335, 'Bolu', 9, 24),
(336, 'Çanakkale', 9, 23),
(337, 'Çorum', 9, 23),
(338, 'Edirne', 9, 24),
(339, 'Elazığ', 9, 23),
(340, 'Giresun', 9, 24),
(341, 'Hakkari', 9, 24),
(342, 'Isparta', 9, 24),
(343, 'İzmir', 9, 23),
(344, 'Kayseri', 9, 24),
(345, 'Kırşehir', 9, 24),
(346, 'Manisa', 9, 23),
(347, 'Ordu', 9, 24),
(348, 'Tekirdağ', 9, 23),
(349, 'Tokat', 9, 24),
(350, 'Yozgat', 9, 24),
(351, 'Karaman', 9, 24),
(352, 'Ardahan', 9, 23),
(353, 'Yalova', 9, 23),
(354, 'Düzce', 9, 23),
(355, 'Afyon', 10, 25),
(356, 'Amasya', 10, 25),
(357, 'Aydın', 10, 25),
(358, 'Bingöl', 10, 26),
(359, 'Bolu', 10, 26),
(360, 'Çankırı', 10, 26),
(361, 'Elazığ', 10, 25),
(362, 'Erzincan', 10, 26),
(363, 'Eskişehir', 10, 26),
(364, 'Giresun', 10, 26),
(365, 'Gümüşhane', 10, 25),
(366, 'Hakkari', 10, 26),
(367, 'Kars', 10, 26),
(368, 'Kastamonu', 10, 25),
(369, 'Kahramanmaraş', 10, 26),
(370, 'Mardin', 10, 25),
(371, 'Niğde', 10, 25),
(372, 'Sinop', 10, 25),
(373, 'Tunceli', 10, 26),
(374, 'Zonguldak', 10, 25),
(375, 'Ağrı', 11, 28),
(376, 'Artvin', 11, 28),
(377, 'Bilecik', 11, 27),
(378, 'Burdur', 11, 27),
(379, 'Diyarbakır', 11, 27),
(380, 'Erzincan', 11, 28),
(381, 'Gümüşhane', 11, 27),
(382, 'İçel', 11, 27),
(383, 'Kırklareli', 11, 27),
(384, 'Mardin', 11, 27),
(385, 'Nevşehir', 11, 28),
(386, 'Siirt', 11, 28),
(387, 'Tunceli', 11, 28),
(388, 'Van', 11, 27),
(389, 'Bayburt', 11, 27),
(390, 'Kırıkkale', 11, 27),
(391, 'Bartın', 11, 28),
(392, 'Iğdır', 11, 28),
(393, 'Kilis', 11, 27),
(394, 'Osmaniye', 11, 28),
(395, 'Gelincik', 14, 29),
(396, 'Boz Ayı', 14, 29),
(397, 'Şempanze', 14, 29),
(398, 'Balina', 14, 29),
(399, 'Panda', 14, 29),
(400, 'Keçi', 14, 29),
(401, 'Zebra', 14, 29),
(402, 'Tilki', 14, 29),
(403, 'Fok balığı', 14, 29),
(404, 'Kanguru', 14, 29),
(405, 'Kaplumbağa', 14, 30),
(406, 'Timsah', 14, 30),
(407, 'Kertenkele', 14, 30),
(408, 'Kartal', 14, 30),
(409, 'Güvercin', 14, 30),
(410, 'Leylek', 14, 30),
(411, 'Hamsi', 14, 30),
(412, 'Kurbağa', 14, 30),
(413, 'Deve Kuşu', 14, 30),
(414, 'Ağaçkakan', 14, 30),
(415, 'Karga', 14, 30),
(416, 'Köpek Balığı', 14, 29);

-- --------------------------------------------------------

--
-- Tablo için tablo yapısı `tbl_scores`
--

CREATE TABLE IF NOT EXISTS `tbl_scores` (
  `id` int(11) NOT NULL AUTO_INCREMENT,
  `section_id` int(11) NOT NULL,
  `user_id` int(11) NOT NULL,
  `score` mediumint(9) NOT NULL,
  PRIMARY KEY (`id`)
) ENGINE=InnoDB  DEFAULT CHARSET=utf8 AUTO_INCREMENT=207 ;

--
-- Tablo döküm verisi `tbl_scores`
--

INSERT INTO `tbl_scores` (`id`, `section_id`, `user_id`, `score`) VALUES
(100, 1, 279409, 909),
(101, 1, 433064, 956),
(102, 1, 787372, 847),
(103, 1, 684782, 968),
(104, 1, 504168, 943),
(105, 1, 802028, 967),
(106, 1, 132210, 596),
(107, 1, 993627, 937),
(108, 1, 993627, 972),
(109, 1, 787442, 927),
(110, 1, 687524, 848),
(111, 1, 979599, 926),
(112, 1, 215792, 885),
(113, 1, 717866, 889),
(114, 1, 275868, 82),
(115, 1, 275868, 81),
(116, 1, 275868, 80),
(117, 1, 275868, 79),
(118, 1, 275868, 78),
(119, 1, 275868, 77),
(120, 1, 275868, 76),
(121, 1, 275868, 75),
(122, 1, 275868, 74),
(123, 1, 275868, 73),
(124, 1, 275868, 72),
(125, 1, 275868, 71),
(126, 1, 275868, 70),
(127, 1, 275868, 69),
(128, 1, 158240, 878),
(129, 1, 871810, 126),
(130, 1, 871810, 125),
(131, 1, 871810, 124),
(132, 1, 871810, 123),
(133, 1, 871810, 122),
(134, 1, 871810, 121),
(135, 1, 871810, 120),
(136, 1, 871810, 119),
(137, 1, 180060, 884),
(138, 1, 797202, 904),
(139, 1, 894231, 893),
(140, 1, 847481, 919),
(141, 1, 380970, 894),
(142, 1, 900860, 879),
(143, 1, 810137, 890),
(144, 1, 810137, 895),
(145, 1, 631831, 899),
(146, 1, 631831, 884),
(147, 1, 631831, 883),
(148, 1, 417913, 863),
(149, 1, 968986, 901),
(150, 1, 210849, 877),
(151, 1, 417212, 887),
(152, 2, 703402, 939),
(153, 2, 703402, 925),
(154, 2, 359745, 934),
(155, 2, 359745, 953),
(156, 1, 711056, 1810),
(157, 3, 329768, 403),
(158, 2, 176996, 939),
(159, 3, 810740, 378),
(160, 1, 708809, 954),
(161, 3, 708809, 467),
(162, 3, 646363, 669),
(163, 1, 916367, 926),
(164, 4, 762877, 730),
(165, 2, 701169, 577),
(166, 2, 701169, 603),
(167, 4, 701169, 658),
(168, 3, 163384, 449),
(169, 4, 163384, 705),
(170, 3, 163384, 474),
(171, 1, 163384, 855),
(172, 4, 163384, 705),
(173, 3, 163384, 463),
(174, 1, 926675, 939),
(175, 1, 926675, 911),
(176, 1, 938112, 951),
(177, 1, 594497, 924),
(178, 1, 594497, 942),
(179, 4, 610271, 687),
(180, 1, 714966, 846),
(181, 4, 562248, 671),
(182, 4, 562248, 685),
(183, 4, 388090, 661),
(184, 4, 118139, 706),
(185, 1, 530472, 947),
(186, 3, 531184, 54),
(187, 2, 531184, 74),
(188, 1, 531184, 220),
(189, 1, 531184, 148),
(190, 1, 531184, 76),
(191, 1, 531184, 24),
(192, 3, 531184, 74),
(193, 4, 186559, 150),
(194, 4, 155111, 688),
(195, 4, 186559, 78),
(196, 2, 186559, 80),
(197, 2, 133949, 34),
(198, 3, 133949, 34),
(199, 1, 852647, 60),
(200, 3, 531184, 8),
(201, 1, 686928, 60),
(202, 2, 397700, 60),
(203, 1, 397700, 60),
(204, 3, 736435, 40),
(205, 4, 808885, 658),
(206, 4, 808885, 696);

-- --------------------------------------------------------

--
-- Tablo için tablo yapısı `tbl_section`
--

CREATE TABLE IF NOT EXISTS `tbl_section` (
  `id` int(11) NOT NULL AUTO_INCREMENT,
  `section_no` int(11) NOT NULL,
  `difficulty_level` tinyint(4) NOT NULL DEFAULT '1',
  `needed_time` smallint(6) NOT NULL,
  `score_constant` double NOT NULL,
  `base_score` mediumint(9) NOT NULL,
  `description` varchar(256) CHARACTER SET latin5 DEFAULT NULL,
  `question_count` tinyint(4) NOT NULL,
  `pass_count` tinyint(4) NOT NULL DEFAULT '1',
  PRIMARY KEY (`id`)
) ENGINE=MyISAM  DEFAULT CHARSET=utf8 AUTO_INCREMENT=15 ;

--
-- Tablo döküm verisi `tbl_section`
--

INSERT INTO `tbl_section` (`id`, `section_no`, `difficulty_level`, `needed_time`, `score_constant`, `base_score`, `description`, `question_count`, `pass_count`) VALUES
(1, 2, 2, 100, 20, 0, 'Asağıdaki ülkeleri bulundukları kıtalarına göre gruplayınız.', 46, 2),
(2, 1, 3, 120, 30, 0, 'Asağıdaki ülkeleri bulundukları kıtalarına göre gruplayınız.', 60, 3),
(3, 1, 2, 75, 20, 0, 'Aşağıdaki ülkeler hangi kutup dairesinde bulunur?', 33, 2),
(4, 1, 1, 120, 20, 0, 'Aşağıda verilen ilçe isimlerinin hangi ile ait olduğunu seçiniz.', 44, 1),
(5, 2, 1, 90, 20, 0, 'Aşağıda verilen ilçe isimlerinin hangi ile ait olduğunu seçiniz.', 30, 2),
(6, 2, 3, 60, 30, 0, 'Aşağıda verilen yiyecekler meyve mi yoksa sebze midir?', 31, 2),
(7, 3, 2, 60, 30, 0, 'Aşağıda verilen çalgı türlerini gruplayınız.', 22, 2),
(8, 3, 1, 100, 20, 0, 'Aşağıdaki şehirlerin plaka kodlarını tek/çift olarak ayırınız.', 20, 1),
(9, 4, 2, 75, 30, 0, 'Aşağıdaki şehirlerin plaka kodlarını tek/çift olarak ayırınız.', 25, 2),
(10, 5, 2, 60, 30, 0, 'Aşağıdaki şehirlerin plaka kodlarını tek/çift olarak ayırınız.', 20, 2),
(11, 3, 3, 50, 40, 0, 'Aşağıdaki şehirlerin plaka kodlarını tek/çift olarak ayırınız.', 20, 1),
(14, 4, 1, 75, 30, 0, 'Aşağıdaki hayvanları üreme şekillerine göre gruplayınız', 22, 1);

-- --------------------------------------------------------

--
-- Tablo için tablo yapısı `tbl_user`
--

CREATE TABLE IF NOT EXISTS `tbl_user` (
  `id` int(11) NOT NULL AUTO_INCREMENT,
  `nickname` varchar(25) CHARACTER SET latin5 NOT NULL,
  `score` mediumint(9) NOT NULL,
  `section_id` int(11) NOT NULL,
  PRIMARY KEY (`id`)
) ENGINE=MyISAM DEFAULT CHARSET=utf8 AUTO_INCREMENT=1 ;

/*!40101 SET CHARACTER_SET_CLIENT=@OLD_CHARACTER_SET_CLIENT */;
/*!40101 SET CHARACTER_SET_RESULTS=@OLD_CHARACTER_SET_RESULTS */;
/*!40101 SET COLLATION_CONNECTION=@OLD_COLLATION_CONNECTION */;
